use miniprojectdb;

CREATE TABLE `user` (
    `userId` VARCHAR(12) NOT NULL PRIMARY KEY,
    `userPw` VARCHAR(100) NOT NULL,
    `userName` VARCHAR(12) NOT NULL,
    `userEmail` VARCHAR(50),
    `userImg` TEXT,
    `userActivateDate` DATETIME DEFAULT NOW(),
    `userCreatedDate` DATETIME DEFAULT NOW(),
    `userNickname` VARCHAR(16),
    `userCompany` VARCHAR(50),
    `roll` INT NOT NULL DEFAULT 0,
    `userState` INT NOT NULL DEFAULT 0
);

alter table user modify userPw varchar(100);

select * from user;

INSERT INTO user (`userId`,`userPw`,`userName`,`userEmail`,`userImg`,`userActivateDate`,`userCreatedDate`,`userNickname`,`userCompany`,`roll`,`userState`) VALUES ('admin','$2a$10$F2FwWRUgTrnHOGBay/A97.rn0F09a6heDjSKu4/Brf0.9vHrZA32S','홍길동','hkd@naver.com','https://www.pngitem.com/pimgs/m/146-1468479_my-profile-icon-blank-profile-picture-circle-hd.png','2022-07-17 21:24:09','2022-07-17 21:24:09','관리자','네이버',1,0);
INSERT INTO user (`userId`,`userPw`,`userName`,`userEmail`,`userImg`,`userActivateDate`,`userCreatedDate`,`userNickname`,`userCompany`,`roll`,`userState`) VALUES ('delete','$2a$10$1OgpeQqo24nEZxIMmvAqbuN3euaEXbLrByEF3xOSr45IyB7XVIt9.','성춘향','sch@naver.com','https://spesialis1.orthopaedi.fk.unair.ac.id/wp-content/uploads/2021/02/depositphotos_39258143-stock-illustration-businessman-avatar-profile-picture.jpg','2022-07-17 21:24:09','2022-07-17 21:24:09','삭제유저','당근',0,2);
INSERT INTO user (`userId`,`userPw`,`userName`,`userEmail`,`userImg`,`userActivateDate`,`userCreatedDate`,`userNickname`,`userCompany`,`roll`,`userState`) VALUES ('hong','$2a$10$a9qWMEDqBmn9TfzAmOJiseBF/C0PuCVspTL2dliYllShJWWIGX34S','이몽룡','lee@naver.com','https://www.business2community.com/wp-content/uploads/2017/08/blank-profile-picture-973460_640.png','2022-07-17 21:24:09','2022-07-17 21:24:09','일반유저1','카카오',0,0);
INSERT INTO user (`userId`,`userPw`,`userName`,`userEmail`,`userImg`,`userActivateDate`,`userCreatedDate`,`userNickname`,`userCompany`,`roll`,`userState`) VALUES ('kim','$2a$10$WRaJI4RsC/3WCwMzW2PKT.DSgCTaDGZ24A8DcBRdoWOwpiwyPswF6','성춘향','sch@naver.com','https://spesialis1.orthopaedi.fk.unair.ac.id/wp-content/uploads/2021/02/depositphotos_39258143-stock-illustration-businessman-avatar-profile-picture.jpg','2022-07-17 21:24:09','2022-07-17 21:24:09','일반유저2','다음',0,0);

CREATE TABLE `category` (
	`categoryId`	int	NOT NULL PRIMARY KEY,
	`categoryName`	varchar(50)	NULL,
    `roll` INT NOT NULL DEFAULT 0
);

INSERT INTO category
VALUES(0,'공지',1),
(1,'질문',default),
(2,'자유',default);

CREATE TABLE `note` (
    `noteId` INT NOT NULL AUTO_INCREMENT PRIMARY KEY,
    `userId` VARCHAR(50) NOT NULL,
    `pageViewState` INT DEFAULT 0,
    `categoryId` INT NOT NULL,
    `noteTitle` VARCHAR(150) NULL,
    `note` TEXT NULL,
    `noteView` INT  DEFAULT 0,
    `noteLike` INT  DEFAULT 0,
    `noteCommentNum` INT  DEFAULT 0,
    `noteCreatedDate` DATETIME DEFAULT NOW(),
    `noteUpdatedDate` DATETIME DEFAULT NOW(),
    `hashName1` VARCHAR(30) NULL,
    `hashName2` VARCHAR(30) NULL,
    `hashName3` VARCHAR(30) NULL,
    `hashName4` VARCHAR(30) NULL,
    `hashName5` VARCHAR(30) NULL,
    `hashName6` VARCHAR(30) NULL,
    `hashName7` VARCHAR(30) NULL,
    `hashName8` VARCHAR(30) NULL,
    `hashName9` VARCHAR(30) NULL,
    `hashName10` VARCHAR(30) NULL,
    CONSTRAINT FK_note_userId FOREIGN KEY (userId)
        REFERENCES user (userId),
    CONSTRAINT FK_note_categoryId FOREIGN KEY (categoryId)
        REFERENCES category (categoryId)
);


INSERT INTO note (`noteId`,`userId`,`pageViewState`,`categoryId`,`noteTitle`,`note`,`noteView`,`noteLike`,`noteCommentNum`,`noteCreatedDate`,`noteUpdatedDate`,`hashName1`,`hashName2`,`hashName3`,`hashName4`,`hashName5`,`hashName6`,`hashName7`,`hashName8`,`hashName9`,`hashName10`) VALUES (1,'hong',0,1,'aaa','<p>aaaa</p>',0,0,0,'2022-07-17 21:24:51','2022-07-17 21:24:51','C','Java','Mysql',NULL,NULL,NULL,NULL,NULL,NULL,NULL);
INSERT INTO note (`noteId`,`userId`,`pageViewState`,`categoryId`,`noteTitle`,`note`,`noteView`,`noteLike`,`noteCommentNum`,`noteCreatedDate`,`noteUpdatedDate`,`hashName1`,`hashName2`,`hashName3`,`hashName4`,`hashName5`,`hashName6`,`hashName7`,`hashName8`,`hashName9`,`hashName10`) VALUES (2,'hong',1,1,'test','<p>bbbbb</p><p>aaaaa</p><p>ccccccc</p>',0,0,0,'2022-07-17 21:26:06','2022-07-17 21:26:06',NULL,NULL,NULL,NULL,NULL,NULL,NULL,NULL,NULL,NULL);
INSERT INTO note (`noteId`,`userId`,`pageViewState`,`categoryId`,`noteTitle`,`note`,`noteView`,`noteLike`,`noteCommentNum`,`noteCreatedDate`,`noteUpdatedDate`,`hashName1`,`hashName2`,`hashName3`,`hashName4`,`hashName5`,`hashName6`,`hashName7`,`hashName8`,`hashName9`,`hashName10`) VALUES (3,'hong',0,2,'test','<p>bbbbb</p><p>aaaaa</p><p>ccccccc</p>',0,0,0,'2022-07-17 21:26:31','2022-07-17 21:26:31',NULL,NULL,NULL,NULL,NULL,NULL,NULL,NULL,NULL,NULL);
INSERT INTO note (`noteId`,`userId`,`pageViewState`,`categoryId`,`noteTitle`,`note`,`noteView`,`noteLike`,`noteCommentNum`,`noteCreatedDate`,`noteUpdatedDate`,`hashName1`,`hashName2`,`hashName3`,`hashName4`,`hashName5`,`hashName6`,`hashName7`,`hashName8`,`hashName9`,`hashName10`) VALUES (4,'hong',0,2,'testdfsefwsfe','<p>bbbbb</p><p>aaaaa</p><p>ccccccc</p>',0,0,0,'2022-07-17 21:26:50','2022-07-17 21:26:50',NULL,NULL,NULL,NULL,NULL,NULL,NULL,NULL,NULL,NULL);
INSERT INTO note (`noteId`,`userId`,`pageViewState`,`categoryId`,`noteTitle`,`note`,`noteView`,`noteLike`,`noteCommentNum`,`noteCreatedDate`,`noteUpdatedDate`,`hashName1`,`hashName2`,`hashName3`,`hashName4`,`hashName5`,`hashName6`,`hashName7`,`hashName8`,`hashName9`,`hashName10`) VALUES (5,'hong',0,1,'test','<p>dfadfa</p><p>dfasetga</p><p>faetat</p>',0,0,0,'2022-07-17 21:27:56','2022-07-17 21:27:56','C','Java','JavaScript','Mysql','Spring','HTML5',NULL,NULL,NULL,NULL);
INSERT INTO note (`noteId`,`userId`,`pageViewState`,`categoryId`,`noteTitle`,`note`,`noteView`,`noteLike`,`noteCommentNum`,`noteCreatedDate`,`noteUpdatedDate`,`hashName1`,`hashName2`,`hashName3`,`hashName4`,`hashName5`,`hashName6`,`hashName7`,`hashName8`,`hashName9`,`hashName10`) VALUES (6,'hong',0,2,'etae','<p>fgaadgagrea</p>',0,0,0,'2022-07-17 21:28:18','2022-07-17 21:28:18',NULL,NULL,NULL,NULL,NULL,NULL,NULL,NULL,NULL,NULL);
INSERT INTO note (`noteId`,`userId`,`pageViewState`,`categoryId`,`noteTitle`,`note`,`noteView`,`noteLike`,`noteCommentNum`,`noteCreatedDate`,`noteUpdatedDate`,`hashName1`,`hashName2`,`hashName3`,`hashName4`,`hashName5`,`hashName6`,`hashName7`,`hashName8`,`hashName9`,`hashName10`) VALUES (7,'admin',0,0,'220718','<p>test</p>',0,0,0,'2022-07-18 11:27:44','2022-07-18 11:27:44','Java',NULL,NULL,NULL,NULL,NULL,NULL,NULL,NULL,NULL);
INSERT INTO note (`noteId`,`userId`,`pageViewState`,`categoryId`,`noteTitle`,`note`,`noteView`,`noteLike`,`noteCommentNum`,`noteCreatedDate`,`noteUpdatedDate`,`hashName1`,`hashName2`,`hashName3`,`hashName4`,`hashName5`,`hashName6`,`hashName7`,`hashName8`,`hashName9`,`hashName10`) VALUES (8,'hong',0,1,'test1','<p>1</p>',0,0,0,'2022-07-18 13:51:59','2022-07-18 13:51:59','HTML5','JavaScript',NULL,NULL,NULL,NULL,NULL,NULL,NULL,NULL);
INSERT INTO note (`noteId`,`userId`,`pageViewState`,`categoryId`,`noteTitle`,`note`,`noteView`,`noteLike`,`noteCommentNum`,`noteCreatedDate`,`noteUpdatedDate`,`hashName1`,`hashName2`,`hashName3`,`hashName4`,`hashName5`,`hashName6`,`hashName7`,`hashName8`,`hashName9`,`hashName10`) VALUES (9,'hong',0,1,'test2','<p>test2</p>',0,0,0,'2022-07-18 13:52:08','2022-07-18 13:52:08','Java','Mysql',NULL,NULL,NULL,NULL,NULL,NULL,NULL,NULL);
INSERT INTO note (`noteId`,`userId`,`pageViewState`,`categoryId`,`noteTitle`,`note`,`noteView`,`noteLike`,`noteCommentNum`,`noteCreatedDate`,`noteUpdatedDate`,`hashName1`,`hashName2`,`hashName3`,`hashName4`,`hashName5`,`hashName6`,`hashName7`,`hashName8`,`hashName9`,`hashName10`) VALUES (10,'hong',0,1,'test3','<p>test3</p>',0,0,0,'2022-07-18 13:52:15','2022-07-18 13:52:15','Spring',NULL,NULL,NULL,NULL,NULL,NULL,NULL,NULL,NULL);
INSERT INTO note (`noteId`,`userId`,`pageViewState`,`categoryId`,`noteTitle`,`note`,`noteView`,`noteLike`,`noteCommentNum`,`noteCreatedDate`,`noteUpdatedDate`,`hashName1`,`hashName2`,`hashName3`,`hashName4`,`hashName5`,`hashName6`,`hashName7`,`hashName8`,`hashName9`,`hashName10`) VALUES (11,'hong',0,1,'test4','<p>test4</p>',0,0,0,'2022-07-18 13:52:23','2022-07-18 13:52:23','JavaScript',NULL,NULL,NULL,NULL,NULL,NULL,NULL,NULL,NULL);
INSERT INTO note (`noteId`,`userId`,`pageViewState`,`categoryId`,`noteTitle`,`note`,`noteView`,`noteLike`,`noteCommentNum`,`noteCreatedDate`,`noteUpdatedDate`,`hashName1`,`hashName2`,`hashName3`,`hashName4`,`hashName5`,`hashName6`,`hashName7`,`hashName8`,`hashName9`,`hashName10`) VALUES (12,'hong',0,1,'test5','<p>test5</p>',0,0,0,'2022-07-18 13:52:28','2022-07-18 13:52:28',NULL,NULL,NULL,NULL,NULL,NULL,NULL,NULL,NULL,NULL);
INSERT INTO note (`noteId`,`userId`,`pageViewState`,`categoryId`,`noteTitle`,`note`,`noteView`,`noteLike`,`noteCommentNum`,`noteCreatedDate`,`noteUpdatedDate`,`hashName1`,`hashName2`,`hashName3`,`hashName4`,`hashName5`,`hashName6`,`hashName7`,`hashName8`,`hashName9`,`hashName10`) VALUES (13,'hong',0,1,'test6','<p>test6</p>',0,0,0,'2022-07-18 13:52:33','2022-07-18 13:52:33',NULL,NULL,NULL,NULL,NULL,NULL,NULL,NULL,NULL,NULL);
INSERT INTO note (`noteId`,`userId`,`pageViewState`,`categoryId`,`noteTitle`,`note`,`noteView`,`noteLike`,`noteCommentNum`,`noteCreatedDate`,`noteUpdatedDate`,`hashName1`,`hashName2`,`hashName3`,`hashName4`,`hashName5`,`hashName6`,`hashName7`,`hashName8`,`hashName9`,`hashName10`) VALUES (14,'hong',0,1,'test7','<p>test7</p>',0,0,0,'2022-07-18 13:52:40','2022-07-18 13:52:40','HTML5',NULL,NULL,NULL,NULL,NULL,NULL,NULL,NULL,NULL);
INSERT INTO note (`noteId`,`userId`,`pageViewState`,`categoryId`,`noteTitle`,`note`,`noteView`,`noteLike`,`noteCommentNum`,`noteCreatedDate`,`noteUpdatedDate`,`hashName1`,`hashName2`,`hashName3`,`hashName4`,`hashName5`,`hashName6`,`hashName7`,`hashName8`,`hashName9`,`hashName10`) VALUES (15,'hong',0,1,'test8','<p>test8</p>',0,0,0,'2022-07-18 13:52:46','2022-07-18 13:52:46',NULL,NULL,NULL,NULL,NULL,NULL,NULL,NULL,NULL,NULL);
INSERT INTO note (`noteId`,`userId`,`pageViewState`,`categoryId`,`noteTitle`,`note`,`noteView`,`noteLike`,`noteCommentNum`,`noteCreatedDate`,`noteUpdatedDate`,`hashName1`,`hashName2`,`hashName3`,`hashName4`,`hashName5`,`hashName6`,`hashName7`,`hashName8`,`hashName9`,`hashName10`) VALUES (16,'hong',0,1,'test9','<p>test96</p>',17,0,0,'2022-07-18 13:53:00','2022-07-18 13:53:00',NULL,NULL,NULL,NULL,NULL,NULL,NULL,NULL,NULL,NULL);
INSERT INTO note (`noteId`,`userId`,`pageViewState`,`categoryId`,`noteTitle`,`note`,`noteView`,`noteLike`,`noteCommentNum`,`noteCreatedDate`,`noteUpdatedDate`,`hashName1`,`hashName2`,`hashName3`,`hashName4`,`hashName5`,`hashName6`,`hashName7`,`hashName8`,`hashName9`,`hashName10`) VALUES (17,'hong',0,1,'스프링 부트 게시판 만들기 수정버전','<div class=\"se-component se-text se-l-default\" id=\"SE-37f40d1d-d246-4b12-9c79-1d299b7bf4ab\" style=\"border: 0px; font-variant-numeric: inherit; font-variant-east-asian: inherit; font-stretch: inherit; font-size: medium; line-height: inherit; font-family: se-nanumgothic, &quot;\\\\B098눔고딕&quot;, nanumgothic, sans-serif, Meiryo; vertical-align: baseline; position: relative; color: rgb(99, 99, 99);\"><div class=\"se-component-content\" style=\"margin-right: auto; margin-left: auto; padding-right: 40px; padding-left: 40px; border: 0px; font: inherit; vertical-align: baseline; max-width: 100%;\"><div class=\"se-section se-section-text se-l-default\" style=\"border: 0px; font: inherit; vertical-align: baseline;\"><div class=\"se-module se-module-text\" style=\"border: 0px; font: inherit; vertical-align: baseline;\"><p class=\"se-text-paragraph se-text-paragraph-align- \" id=\"SE-ad160af5-32f1-4a8d-becf-ed9c4a440c9f\" style=\"margin-bottom: 0px; border: 0px; font-style: inherit; font-variant: inherit; font-weight: inherit; font-stretch: inherit; font-size: 0px; line-height: 1.8; font-family: inherit; vertical-align: baseline; word-break: break-word; overflow-wrap: break-word; white-space: break-spaces;\"><span class=\"se-fs- se-ff-   \" id=\"SE-017fef34-fbcc-4034-82fb-83881c6c36ff\" style=\"border: 0px; font-style: inherit; font-variant: inherit; font-weight: inherit; font-stretch: inherit; font-size: 15px; line-height: inherit; font-family: se-nanumgothic, &quot;\\\\B098눔고딕&quot;, nanumgothic, sans-serif, Meiryo; vertical-align: baseline;\">이전 포스팅에서는 프로젝트에 AOP와 트랜잭션을 적용해보았다.</span></p><p class=\"se-text-paragraph se-text-paragraph-align- \" id=\"SE-395afe5a-91a8-478e-9583-ca41ccc87515\" style=\"margin-bottom: 0px; border: 0px; font-style: inherit; font-variant: inherit; font-weight: inherit; font-stretch: inherit; font-size: 0px; line-height: 1.8; font-family: inherit; vertical-align: baseline; word-break: break-word; overflow-wrap: break-word; white-space: break-spaces;\"><span class=\"se-fs- se-ff-   \" id=\"SE-5a72721e-41e2-4817-9011-8c86d8964e63\" style=\"border: 0px; font-style: inherit; font-variant: inherit; font-weight: inherit; font-stretch: inherit; font-size: 15px; line-height: inherit; font-family: se-nanumgothic, &quot;\\\\B098눔고딕&quot;, nanumgothic, sans-serif, Meiryo; vertical-align: baseline;\">이번에는 게시판 페이징 처리를 해보도록 하자.</span></p></div></div></div></div><div class=\"se-component se-horizontalLine se-l-line1\" id=\"SE-1a91ddc4-df81-4394-8f75-07b67bd43d02\" style=\"margin-top: 30px; border: 0px; font-variant-numeric: inherit; font-variant-east-asian: inherit; font-stretch: inherit; font-size: medium; line-height: inherit; font-family: se-nanumgothic, &quot;\\\\B098눔고딕&quot;, nanumgothic, sans-serif, Meiryo; vertical-align: baseline; position: relative; color: rgb(99, 99, 99);\"><div class=\"se-component-content\" style=\"margin-right: auto; margin-left: auto; padding-right: 40px; padding-left: 40px; border: 0px; font: inherit; vertical-align: baseline; max-width: 100%;\"><div class=\"se-section se-section-horizontalLine se-l-line1 se-section-align-\" style=\"border: 0px; font: inherit; vertical-align: baseline;\"><div class=\"se-module se-module-horizontalLine\" style=\"padding-top: 30px; padding-bottom: 29px; border: 0px; font: inherit; vertical-align: baseline; width: 693px;\"><hr class=\"se-hr\" style=\"margin: 0px auto; width: 693px; background-color: rgb(221, 221, 221);\"></div></div></div></div><div class=\"se-component se-text se-l-default\" id=\"SE-8cea68fa-5555-4cdd-9044-947a6ca9f403\" style=\"margin-top: 30px; border: 0px; font-variant-numeric: inherit; font-variant-east-asian: inherit; font-stretch: inherit; font-size: medium; line-height: inherit; font-family: se-nanumgothic, &quot;\\\\B098눔고딕&quot;, nanumgothic, sans-serif, Meiryo; vertical-align: baseline; position: relative; color: rgb(99, 99, 99);\"><div class=\"se-component-content\" style=\"margin-right: auto; margin-left: auto; padding-right: 40px; padding-left: 40px; border: 0px; font: inherit; vertical-align: baseline; max-width: 100%;\"><div class=\"se-section se-section-text se-l-default\" style=\"border: 0px; font: inherit; vertical-align: baseline;\"><div class=\"se-module se-module-text\" style=\"border: 0px; font: inherit; vertical-align: baseline;\"><p class=\"se-text-paragraph se-text-paragraph-align- \" id=\"SE-98a3ec2b-8247-4902-bcd6-9cee3ddb2bb6\" style=\"margin-bottom: 0px; border: 0px; font-style: inherit; font-variant: inherit; font-weight: inherit; font-stretch: inherit; font-size: 0px; line-height: 1.8; font-family: inherit; vertical-align: baseline; word-break: break-word; overflow-wrap: break-word; white-space: break-spaces;\"><span class=\"se-fs-fs19 se-ff-   \" id=\"SE-d02f7126-098a-4d54-851c-9a571b9a7b9b\" style=\"border: 0px; font-style: inherit; font-variant: inherit; font-weight: inherit; font-stretch: inherit; font-size: 19px; line-height: inherit; font-family: se-nanumgothic, &quot;\\\\B098눔고딕&quot;, nanumgothic, sans-serif, Meiryo; vertical-align: baseline;\"><span style=\"font-weight: 700; background-color: inherit; font-family: inherit;\">1. 페이징(Paging)이란?</span></span></p><p class=\"se-text-paragraph se-text-paragraph-align- \" id=\"SE-016d55c5-0ba1-4de9-93f7-684bc5759aa7\" style=\"margin-bottom: 0px; border: 0px; font-style: inherit; font-variant: inherit; font-weight: inherit; font-stretch: inherit; font-size: 0px; line-height: 1.8; font-family: inherit; vertical-align: baseline; word-break: break-word; overflow-wrap: break-word; white-space: break-spaces;\"><span class=\"se-fs- se-ff-   \" id=\"SE-0b4b1704-72de-4f16-be5f-f849f2e8d34d\" style=\"border: 0px; font-style: inherit; font-variant: inherit; font-weight: inherit; font-stretch: inherit; font-size: 15px; line-height: inherit; font-family: se-nanumgothic, &quot;\\\\B098눔고딕&quot;, nanumgothic, sans-serif, Meiryo; vertical-align: baseline;\">​</span></p><p class=\"se-text-paragraph se-text-paragraph-align- \" id=\"SE-24dfe4fc-265a-4464-bd81-d23509b93f27\" style=\"margin-bottom: 0px; border: 0px; font-style: inherit; font-variant: inherit; font-weight: inherit; font-stretch: inherit; font-size: 0px; line-height: 1.8; font-family: inherit; vertical-align: baseline; word-break: break-word; overflow-wrap: break-word; white-space: break-spaces;\"><span class=\"se-fs- se-ff-   \" id=\"SE-3524bbb5-3c2a-4247-8d7f-06529d9ab21f\" style=\"border: 0px; font-style: inherit; font-variant: inherit; font-weight: inherit; font-stretch: inherit; font-size: 15px; line-height: inherit; font-family: se-nanumgothic, &quot;\\\\B098눔고딕&quot;, nanumgothic, sans-serif, Meiryo; vertical-align: baseline;\">페이징은 사용자가 어떤 데이터를 필요로 할 때,</span></p><p class=\"se-text-paragraph se-text-paragraph-align- \" id=\"SE-64576c03-8036-4457-bc45-471ac8ed3589\" style=\"margin-bottom: 0px; border: 0px; font-style: inherit; font-variant: inherit; font-weight: inherit; font-stretch: inherit; font-size: 0px; line-height: 1.8; font-family: inherit; vertical-align: baseline; word-break: break-word; overflow-wrap: break-word; white-space: break-spaces;\"><span class=\"se-fs- se-ff-   \" id=\"SE-3d15c8e1-6d8e-4053-bcb6-7d30c68bca02\" style=\"border: 0px; font-style: inherit; font-variant: inherit; font-weight: inherit; font-stretch: inherit; font-size: 15px; line-height: inherit; font-family: se-nanumgothic, &quot;\\\\B098눔고딕&quot;, nanumgothic, sans-serif, Meiryo; vertical-align: baseline;\">전체 데이터의 일부분을 보여주는 것을 말한다.</span></p><p class=\"se-text-paragraph se-text-paragraph-align- \" id=\"SE-ac50e630-8c7d-40b5-adc5-946c358715c2\" style=\"margin-bottom: 0px; border: 0px; font-style: inherit; font-variant: inherit; font-weight: inherit; font-stretch: inherit; font-size: 0px; line-height: 1.8; font-family: inherit; vertical-align: baseline; word-break: break-word; overflow-wrap: break-word; white-space: break-spaces;\"><span class=\"se-fs- se-ff-   \" id=\"SE-41d8276c-5326-4d54-93df-6ba652db7bc9\" style=\"border: 0px; font-style: inherit; font-variant: inherit; font-weight: inherit; font-stretch: inherit; font-size: 15px; line-height: inherit; font-family: se-nanumgothic, &quot;\\\\B098눔고딕&quot;, nanumgothic, sans-serif, Meiryo; vertical-align: baseline;\">예를 들면, 게시글이 쌓이다 보면 게시글 갯수가 계속해서 늘어난다.</span></p><p class=\"se-text-paragraph se-text-paragraph-align- \" id=\"SE-451ad250-e53f-446e-98b7-394a9bfc56cf\" style=\"margin-bottom: 0px; border: 0px; font-style: inherit; font-variant: inherit; font-weight: inherit; font-stretch: inherit; font-size: 0px; line-height: 1.8; font-family: inherit; vertical-align: baseline; word-break: break-word; overflow-wrap: break-word; white-space: break-spaces;\"><span class=\"se-fs- se-ff-   \" id=\"SE-b264b90c-c928-43b8-b347-e1bc745a2600\" style=\"border: 0px; font-style: inherit; font-variant: inherit; font-weight: inherit; font-stretch: inherit; font-size: 15px; line-height: inherit; font-family: se-nanumgothic, &quot;\\\\B098눔고딕&quot;, nanumgothic, sans-serif, Meiryo; vertical-align: baseline;\">이 게시글들을 한 페이지에 다 담기에는 무리가 있다.</span></p><p class=\"se-text-paragraph se-text-paragraph-align- \" id=\"SE-c4b13700-9ee8-4f6e-8c6e-839cd4ec2484\" style=\"margin-bottom: 0px; border: 0px; font-style: inherit; font-variant: inherit; font-weight: inherit; font-stretch: inherit; font-size: 0px; line-height: 1.8; font-family: inherit; vertical-align: baseline; word-break: break-word; overflow-wrap: break-word; white-space: break-spaces;\"><span class=\"se-fs- se-ff-   \" id=\"SE-427a3a16-c52e-4a19-9f9c-ee87b1885c0e\" style=\"border: 0px; font-style: inherit; font-variant: inherit; font-weight: inherit; font-stretch: inherit; font-size: 15px; line-height: inherit; font-family: se-nanumgothic, &quot;\\\\B098눔고딕&quot;, nanumgothic, sans-serif, Meiryo; vertical-align: baseline;\">로딩 속도도 느려지고 필요한 데이터를 찾기도 힘들다.</span></p><p class=\"se-text-paragraph se-text-paragraph-align- \" id=\"SE-d2d0c52f-2d67-4c04-a3f0-3a7def37637c\" style=\"margin-bottom: 0px; border: 0px; font-style: inherit; font-variant: inherit; font-weight: inherit; font-stretch: inherit; font-size: 0px; line-height: 1.8; font-family: inherit; vertical-align: baseline; word-break: break-word; overflow-wrap: break-word; white-space: break-spaces;\"><span class=\"se-fs- se-ff-   \" id=\"SE-e85add90-8183-45c3-9fcc-742e713f04a1\" style=\"border: 0px; font-style: inherit; font-variant: inherit; font-weight: inherit; font-stretch: inherit; font-size: 15px; line-height: inherit; font-family: se-nanumgothic, &quot;\\\\B098눔고딕&quot;, nanumgothic, sans-serif, Meiryo; vertical-align: baseline;\">이러한 문제점을 해결하기 위해 페이징과 검색 기능이 필요한 것이다.</span></p></div></div></div></div><div class=\"se-component se-horizontalLine se-l-line1\" id=\"SE-66219efd-2bf4-4233-a182-34177da00482\" style=\"margin-top: 30px; border: 0px; font-variant-numeric: inherit; font-variant-east-asian: inherit; font-stretch: inherit; font-size: medium; line-height: inherit; font-family: se-nanumgothic, &quot;\\\\B098눔고딕&quot;, nanumgothic, sans-serif, Meiryo; vertical-align: baseline; position: relative; color: rgb(99, 99, 99);\"><div class=\"se-component-content\" style=\"margin-right: auto; margin-left: auto; padding-right: 40px; padding-left: 40px; border: 0px; font: inherit; vertical-align: baseline; max-width: 100%;\"><div class=\"se-section se-section-horizontalLine se-l-line1 se-section-align-\" style=\"border: 0px; font: inherit; vertical-align: baseline;\"><div class=\"se-module se-module-horizontalLine\" style=\"padding-top: 30px; padding-bottom: 29px; border: 0px; font: inherit; vertical-align: baseline; width: 693px;\"><hr class=\"se-hr\" style=\"margin: 0px auto; width: 693px; background-color: rgb(221, 221, 221);\"></div></div></div></div><div class=\"se-component se-text se-l-default\" id=\"SE-70a83b15-87e5-4b6a-8efe-6aff28a49a80\" style=\"margin-top: 30px; border: 0px; font-variant-numeric: inherit; font-variant-east-asian: inherit; font-stretch: inherit; font-size: medium; line-height: inherit; font-family: se-nanumgothic, &quot;\\\\B098눔고딕&quot;, nanumgothic, sans-serif, Meiryo; vertical-align: baseline; position: relative; color: rgb(99, 99, 99);\"><div class=\"se-component-content\" style=\"margin-right: auto; margin-left: auto; padding-right: 40px; padding-left: 40px; border: 0px; font: inherit; vertical-align: baseline; max-width: 100%;\"><div class=\"se-section se-section-text se-l-default\" style=\"border: 0px; font: inherit; vertical-align: baseline;\"><div class=\"se-module se-module-text\" style=\"border: 0px; font: inherit; vertical-align: baseline;\"><p class=\"se-text-paragraph se-text-paragraph-align- \" id=\"SE-370d96ac-9106-4e84-bc14-e1f8ad7246d1\" style=\"margin-bottom: 0px; border: 0px; font-style: inherit; font-variant: inherit; font-weight: inherit; font-stretch: inherit; font-size: 0px; line-height: 1.8; font-family: inherit; vertical-align: baseline; word-break: break-word; overflow-wrap: break-word; white-space: break-spaces;\"><span class=\"se-fs-fs19 se-ff-   \" id=\"SE-f5b6aa84-aafe-4c84-a2b5-a5fc523d3ef2\" style=\"border: 0px; font-style: inherit; font-variant: inherit; font-weight: inherit; font-stretch: inherit; font-size: 19px; line-height: inherit; font-family: se-nanumgothic, &quot;\\\\B098눔고딕&quot;, nanumgothic, sans-serif, Meiryo; vertical-align: baseline;\"><span style=\"font-weight: 700; background-color: inherit; font-family: inherit;\">2. 공통 페이징 파라미터 처리용 클래스 만들기</span></span></p><p class=\"se-text-paragraph se-text-paragraph-align- \" id=\"SE-96773842-c958-41f9-b6c3-c096454937ba\" style=\"margin-bottom: 0px; border: 0px; font-style: inherit; font-variant: inherit; font-weight: inherit; font-stretch: inherit; font-size: 0px; line-height: 1.8; font-family: inherit; vertical-align: baseline; word-break: break-word; overflow-wrap: break-word; white-space: break-spaces;\"><span class=\"se-fs- se-ff-   \" id=\"SE-a8c6c0bb-3ffd-413d-9330-d52169614bce\" style=\"border: 0px; font-style: inherit; font-variant: inherit; font-weight: inherit; font-stretch: inherit; font-size: 15px; line-height: inherit; font-family: se-nanumgothic, &quot;\\\\B098눔고딕&quot;, nanumgothic, sans-serif, Meiryo; vertical-align: baseline;\">​</span></p><p class=\"se-text-paragraph se-text-paragraph-align- \" id=\"SE-ae1e9755-4264-4a5d-96a3-207296955f58\" style=\"margin-bottom: 0px; border: 0px; font-style: inherit; font-variant: inherit; font-weight: inherit; font-stretch: inherit; font-size: 0px; line-height: 1.8; font-family: inherit; vertical-align: baseline; word-break: break-word; overflow-wrap: break-word; white-space: break-spaces;\"><span class=\"se-fs- se-ff-   \" id=\"SE-d8c987c8-f9e3-4d92-8984-3cdfd1fe921a\" style=\"border: 0px; font-style: inherit; font-variant: inherit; font-weight: inherit; font-stretch: inherit; font-size: 15px; line-height: inherit; font-family: se-nanumgothic, &quot;\\\\B098눔고딕&quot;, nanumgothic, sans-serif, Meiryo; vertical-align: baseline;\">페이징과 검색 처리는 다음과 같이 몇 가지 데이터(파라미터)를 필요로 한다.</span></p><p class=\"se-text-paragraph se-text-paragraph-align- \" id=\"SE-e4c22bf0-ff5c-4af7-a237-e58c32649b1f\" style=\"margin-bottom: 0px; border: 0px; font-style: inherit; font-variant: inherit; font-weight: inherit; font-stretch: inherit; font-size: 0px; line-height: 1.8; font-family: inherit; vertical-align: baseline; word-break: break-word; overflow-wrap: break-word; white-space: break-spaces;\"><span class=\"se-fs- se-ff-   \" id=\"SE-a0670718-442d-4922-b4a4-2916d77ab9d6\" style=\"border: 0px; font-style: inherit; font-variant: inherit; font-weight: inherit; font-stretch: inherit; font-size: 15px; line-height: inherit; font-family: se-nanumgothic, &quot;\\\\B098눔고딕&quot;, nanumgothic, sans-serif, Meiryo; vertical-align: baseline;\">데이터의 내용은 다음과 같다.</span></p><p class=\"se-text-paragraph se-text-paragraph-align- \" id=\"SE-402e5811-90fd-423d-a50d-1fdf13287da4\" style=\"margin-bottom: 0px; border: 0px; font-style: inherit; font-variant: inherit; font-weight: inherit; font-stretch: inherit; font-size: 0px; line-height: 1.8; font-family: inherit; vertical-align: baseline; word-break: break-word; overflow-wrap: break-word; white-space: break-spaces;\"><span class=\"se-fs- se-ff-   \" id=\"SE-09ace67b-67f5-4d28-acea-47753be5c25e\" style=\"border: 0px; font-style: inherit; font-variant: inherit; font-weight: inherit; font-stretch: inherit; font-size: 15px; line-height: inherit; font-family: se-nanumgothic, &quot;\\\\B098눔고딕&quot;, nanumgothic, sans-serif, Meiryo; vertical-align: baseline;\">​</span></p><p class=\"se-text-paragraph se-text-paragraph-align- \" id=\"SE-7ece8546-5acb-4739-80e4-34da89498696\" style=\"margin-bottom: 0px; border: 0px; font-style: inherit; font-variant: inherit; font-weight: inherit; font-stretch: inherit; font-size: 0px; line-height: 1.8; font-family: inherit; vertical-align: baseline; word-break: break-word; overflow-wrap: break-word; white-space: break-spaces;\"><span class=\"se-fs- se-ff-   \" id=\"SE-05ceeb69-9ef5-43f6-a5ba-ce2f2d746e66\" style=\"border: 0px; font-style: inherit; font-variant: inherit; font-weight: inherit; font-stretch: inherit; font-size: 15px; line-height: inherit; font-family: se-nanumgothic, &quot;\\\\B098눔고딕&quot;, nanumgothic, sans-serif, Meiryo; vertical-align: baseline; color: rgb(255, 169, 79);\"><span style=\"font-weight: 700; background-color: inherit; font-family: inherit;\">currentPageNo :</span></span></p><p class=\"se-text-paragraph se-text-paragraph-align- \" id=\"SE-4b72b589-2701-4b8d-8fe1-7bf1544e87a7\" style=\"margin-bottom: 0px; border: 0px; font-style: inherit; font-variant: inherit; font-weight: inherit; font-stretch: inherit; font-size: 0px; line-height: 1.8; font-family: inherit; vertical-align: baseline; word-break: break-word; overflow-wrap: break-word; white-space: break-spaces;\"><span class=\"se-fs- se-ff-   \" id=\"SE-534276d8-d426-4989-9f44-5fd99f459ee4\" style=\"border: 0px; font-style: inherit; font-variant: inherit; font-weight: inherit; font-stretch: inherit; font-size: 15px; line-height: inherit; font-family: se-nanumgothic, &quot;\\\\B098눔고딕&quot;, nanumgothic, sans-serif, Meiryo; vertical-align: baseline;\">현재 페이지의 번호를 의미한다.</span></p><p class=\"se-text-paragraph se-text-paragraph-align- \" id=\"SE-0bd25f3b-d17a-4f3a-b636-cb0bd17019d0\" style=\"margin-bottom: 0px; border: 0px; font-style: inherit; font-variant: inherit; font-weight: inherit; font-stretch: inherit; font-size: 0px; line-height: 1.8; font-family: inherit; vertical-align: baseline; word-break: break-word; overflow-wrap: break-word; white-space: break-spaces;\"><span class=\"se-fs- se-ff-   \" id=\"SE-a4122dae-abce-41aa-a24e-6059e2919243\" style=\"border: 0px; font-style: inherit; font-variant: inherit; font-weight: inherit; font-stretch: inherit; font-size: 15px; line-height: inherit; font-family: se-nanumgothic, &quot;\\\\B098눔고딕&quot;, nanumgothic, sans-serif, Meiryo; vertical-align: baseline;\">​</span></p><p class=\"se-text-paragraph se-text-paragraph-align- \" id=\"SE-738840d0-c1bb-490d-a34d-4276d994cbd6\" style=\"margin-bottom: 0px; border: 0px; font-style: inherit; font-variant: inherit; font-weight: inherit; font-stretch: inherit; font-size: 0px; line-height: 1.8; font-family: inherit; vertical-align: baseline; word-break: break-word; overflow-wrap: break-word; white-space: break-spaces;\"><span class=\"se-fs- se-ff-   \" id=\"SE-23ba807b-ff8e-454a-8372-c99a41fd753b\" style=\"border: 0px; font-style: inherit; font-variant: inherit; font-weight: inherit; font-stretch: inherit; font-size: 15px; line-height: inherit; font-family: se-nanumgothic, &quot;\\\\B098눔고딕&quot;, nanumgothic, sans-serif, Meiryo; vertical-align: baseline; color: rgb(255, 169, 79);\"><span style=\"font-weight: 700; background-color: inherit; font-family: inherit;\">recordsPerPage :</span></span></p><p class=\"se-text-paragraph se-text-paragraph-align- \" id=\"SE-16e5ef41-14af-4d1f-b7fd-cc6cb5494002\" style=\"margin-bottom: 0px; border: 0px; font-style: inherit; font-variant: inherit; font-weight: inherit; font-stretch: inherit; font-size: 0px; line-height: 1.8; font-family: inherit; vertical-align: baseline; word-break: break-word; overflow-wrap: break-word; white-space: break-spaces;\"><span class=\"se-fs- se-ff-   \" id=\"SE-6a45227d-8559-4bdb-a718-d5d801cc7b04\" style=\"border: 0px; font-style: inherit; font-variant: inherit; font-weight: inherit; font-stretch: inherit; font-size: 15px; line-height: inherit; font-family: se-nanumgothic, &quot;\\\\B098눔고딕&quot;, nanumgothic, sans-serif, Meiryo; vertical-align: baseline;\">페이지당 출력할 데이터 개수를 의미한다.</span></p><p class=\"se-text-paragraph se-text-paragraph-align- \" id=\"SE-26ad3086-b74e-481e-a72a-8bc48f4fc848\" style=\"margin-bottom: 0px; border: 0px; font-style: inherit; font-variant: inherit; font-weight: inherit; font-stretch: inherit; font-size: 0px; line-height: 1.8; font-family: inherit; vertical-align: baseline; word-break: break-word; overflow-wrap: break-word; white-space: break-spaces;\"><span class=\"se-fs- se-ff-   \" id=\"SE-7c9a8294-276b-4ad1-95c6-94c75f745dbc\" style=\"border: 0px; font-style: inherit; font-variant: inherit; font-weight: inherit; font-stretch: inherit; font-size: 15px; line-height: inherit; font-family: se-nanumgothic, &quot;\\\\B098눔고딕&quot;, nanumgothic, sans-serif, Meiryo; vertical-align: baseline;\">​</span></p><p class=\"se-text-paragraph se-text-paragraph-align- \" id=\"SE-95402ec7-c75e-44d4-9493-2acc9db22593\" style=\"margin-bottom: 0px; border: 0px; font-style: inherit; font-variant: inherit; font-weight: inherit; font-stretch: inherit; font-size: 0px; line-height: 1.8; font-family: inherit; vertical-align: baseline; word-break: break-word; overflow-wrap: break-word; white-space: break-spaces;\"><span class=\"se-fs- se-ff-   \" id=\"SE-375547c7-4e14-413c-9f6d-22e05965c509\" style=\"border: 0px; font-style: inherit; font-variant: inherit; font-weight: inherit; font-stretch: inherit; font-size: 15px; line-height: inherit; font-family: se-nanumgothic, &quot;\\\\B098눔고딕&quot;, nanumgothic, sans-serif, Meiryo; vertical-align: baseline; color: rgb(255, 169, 79);\"><span style=\"font-weight: 700; background-color: inherit; font-family: inherit;\">pageSize :</span></span></p><p class=\"se-text-paragraph se-text-paragraph-align- \" id=\"SE-4554383b-34ff-4184-8307-a8c050f592c6\" style=\"margin-bottom: 0px; border: 0px; font-style: inherit; font-variant: inherit; font-weight: inherit; font-stretch: inherit; font-size: 0px; line-height: 1.8; font-family: inherit; vertical-align: baseline; word-break: break-word; overflow-wrap: break-word; white-space: break-spaces;\"><span class=\"se-fs- se-ff-   \" id=\"SE-386dc0f5-dec4-4735-ab81-e6269a07f8f5\" style=\"border: 0px; font-style: inherit; font-variant: inherit; font-weight: inherit; font-stretch: inherit; font-size: 15px; line-height: inherit; font-family: se-nanumgothic, &quot;\\\\B098눔고딕&quot;, nanumgothic, sans-serif, Meiryo; vertical-align: baseline;\">화면 하단에 출력할 페이지의 사이즈를 의미한다.</span></p><p class=\"se-text-paragraph se-text-paragraph-align- \" id=\"SE-6b75073f-adea-4523-be40-b42d1a7436b1\" style=\"margin-bottom: 0px; border: 0px; font-style: inherit; font-variant: inherit; font-weight: inherit; font-stretch: inherit; font-size: 0px; line-height: 1.8; font-family: inherit; vertical-align: baseline; word-break: break-word; overflow-wrap: break-word; white-space: break-spaces;\"><span class=\"se-fs- se-ff-   \" id=\"SE-bdf87b63-9361-4082-b982-625b86931869\" style=\"border: 0px; font-style: inherit; font-variant: inherit; font-weight: inherit; font-stretch: inherit; font-size: 15px; line-height: inherit; font-family: se-nanumgothic, &quot;\\\\B098눔고딕&quot;, nanumgothic, sans-serif, Meiryo; vertical-align: baseline;\">ex) 1~5, 1~10, 1~20 등</span></p><p class=\"se-text-paragraph se-text-paragraph-align- \" id=\"SE-ecc5c135-728d-4e06-b5d4-7f15c6f692b2\" style=\"margin-bottom: 0px; border: 0px; font-style: inherit; font-variant: inherit; font-weight: inherit; font-stretch: inherit; font-size: 0px; line-height: 1.8; font-family: inherit; vertical-align: baseline; word-break: break-word; overflow-wrap: break-word; white-space: break-spaces;\"><span class=\"se-fs- se-ff-   \" id=\"SE-dfa2ad5a-689b-4f84-8c1d-c8830e87b6b2\" style=\"border: 0px; font-style: inherit; font-variant: inherit; font-weight: inherit; font-stretch: inherit; font-size: 15px; line-height: inherit; font-family: se-nanumgothic, &quot;\\\\B098눔고딕&quot;, nanumgothic, sans-serif, Meiryo; vertical-align: baseline;\">​</span></p><p class=\"se-text-paragraph se-text-paragraph-align- \" id=\"SE-7228dfae-2792-4d2e-86c3-c62bd38843e6\" style=\"margin-bottom: 0px; border: 0px; font-style: inherit; font-variant: inherit; font-weight: inherit; font-stretch: inherit; font-size: 0px; line-height: 1.8; font-family: inherit; vertical-align: baseline; word-break: break-word; overflow-wrap: break-word; white-space: break-spaces;\"><span class=\"se-fs- se-ff-   \" id=\"SE-3a26ddae-47d3-4ce6-b0d5-69d58373a1f2\" style=\"border: 0px; font-style: inherit; font-variant: inherit; font-weight: inherit; font-stretch: inherit; font-size: 15px; line-height: inherit; font-family: se-nanumgothic, &quot;\\\\B098눔고딕&quot;, nanumgothic, sans-serif, Meiryo; vertical-align: baseline; color: rgb(255, 169, 79);\"><span style=\"font-weight: 700; background-color: inherit; font-family: inherit;\">searchKeyword :</span></span></p><p class=\"se-text-paragraph se-text-paragraph-align- \" id=\"SE-a480571c-b55b-4663-b475-7c69226619c3\" style=\"margin-bottom: 0px; border: 0px; font-style: inherit; font-variant: inherit; font-weight: inherit; font-stretch: inherit; font-size: 0px; line-height: 1.8; font-family: inherit; vertical-align: baseline; word-break: break-word; overflow-wrap: break-word; white-space: break-spaces;\"><span class=\"se-fs- se-ff-   \" id=\"SE-3377d0cb-91a9-4535-9020-e368336585c7\" style=\"border: 0px; font-style: inherit; font-variant: inherit; font-weight: inherit; font-stretch: inherit; font-size: 15px; line-height: inherit; font-family: se-nanumgothic, &quot;\\\\B098눔고딕&quot;, nanumgothic, sans-serif, Meiryo; vertical-align: baseline;\">검색 키워드를 의미한다.</span></p><p class=\"se-text-paragraph se-text-paragraph-align- \" id=\"SE-0d2c7023-662f-43eb-9254-95de56a57a22\" style=\"margin-bottom: 0px; border: 0px; font-style: inherit; font-variant: inherit; font-weight: inherit; font-stretch: inherit; font-size: 0px; line-height: 1.8; font-family: inherit; vertical-align: baseline; word-break: break-word; overflow-wrap: break-word; white-space: break-spaces;\"><span class=\"se-fs- se-ff-   \" id=\"SE-351600d6-655b-4066-8ab3-646c5898c23e\" style=\"border: 0px; font-style: inherit; font-variant: inherit; font-weight: inherit; font-stretch: inherit; font-size: 15px; line-height: inherit; font-family: se-nanumgothic, &quot;\\\\B098눔고딕&quot;, nanumgothic, sans-serif, Meiryo; vertical-align: baseline;\">​</span></p><p class=\"se-text-paragraph se-text-paragraph-align- \" id=\"SE-112560e6-8b92-453c-99fe-50c4e7fdfd53\" style=\"margin-bottom: 0px; border: 0px; font-style: inherit; font-variant: inherit; font-weight: inherit; font-stretch: inherit; font-size: 0px; line-height: 1.8; font-family: inherit; vertical-align: baseline; word-break: break-word; overflow-wrap: break-word; white-space: break-spaces;\"><span class=\"se-fs- se-ff-   \" id=\"SE-36a50743-3ac9-4822-8acd-9b9edb0683f3\" style=\"border: 0px; font-style: inherit; font-variant: inherit; font-weight: inherit; font-stretch: inherit; font-size: 15px; line-height: inherit; font-family: se-nanumgothic, &quot;\\\\B098눔고딕&quot;, nanumgothic, sans-serif, Meiryo; vertical-align: baseline; color: rgb(255, 169, 79);\"><span style=\"font-weight: 700; background-color: inherit; font-family: inherit;\">searchType :</span></span></p><p class=\"se-text-paragraph se-text-paragraph-align- \" id=\"SE-c2664d5a-ca53-47d5-adae-0b750a435d18\" style=\"margin-bottom: 0px; border: 0px; font-style: inherit; font-variant: inherit; font-weight: inherit; font-stretch: inherit; font-size: 0px; line-height: 1.8; font-family: inherit; vertical-align: baseline; word-break: break-word; overflow-wrap: break-word; white-space: break-spaces;\"><span class=\"se-fs- se-ff-   \" id=\"SE-d1b79ded-2338-4b35-a95a-c378ba048ff4\" style=\"border: 0px; font-style: inherit; font-variant: inherit; font-weight: inherit; font-stretch: inherit; font-size: 15px; line-height: inherit; font-family: se-nanumgothic, &quot;\\\\B098눔고딕&quot;, nanumgothic, sans-serif, Meiryo; vertical-align: baseline;\">검색 유형을 의미한다.</span></p><p class=\"se-text-paragraph se-text-paragraph-align- \" id=\"SE-12236806-3021-4a49-bbc1-ad6d55bbf2f3\" style=\"margin-bottom: 0px; border: 0px; font-style: inherit; font-variant: inherit; font-weight: inherit; font-stretch: inherit; font-size: 0px; line-height: 1.8; font-family: inherit; vertical-align: baseline; word-break: break-word; overflow-wrap: break-word; white-space: break-spaces;\"><span class=\"se-fs- se-ff-   \" id=\"SE-06a9ca60-9ef7-4cad-a8ea-e41e7aa9b302\" style=\"border: 0px; font-style: inherit; font-variant: inherit; font-weight: inherit; font-stretch: inherit; font-size: 15px; line-height: inherit; font-family: se-nanumgothic, &quot;\\\\B098눔고딕&quot;, nanumgothic, sans-serif, Meiryo; vertical-align: baseline;\">ex) 전체, 제목, 내용, 작성자 등</span></p><p class=\"se-text-paragraph se-text-paragraph-align- \" id=\"SE-d21fe7d9-670b-469f-b8e3-e36c9183a3a5\" style=\"margin-bottom: 0px; border: 0px; font-style: inherit; font-variant: inherit; font-weight: inherit; font-stretch: inherit; font-size: 0px; line-height: 1.8; font-family: inherit; vertical-align: baseline; word-break: break-word; overflow-wrap: break-word; white-space: break-spaces;\"><span class=\"se-fs- se-ff-   \" id=\"SE-d7ef4e8d-cd45-4e6b-ab7b-d95f37e6fe25\" style=\"border: 0px; font-style: inherit; font-variant: inherit; font-weight: inherit; font-stretch: inherit; font-size: 15px; line-height: inherit; font-family: se-nanumgothic, &quot;\\\\B098눔고딕&quot;, nanumgothic, sans-serif, Meiryo; vertical-align: baseline;\">​</span></p><p class=\"se-text-paragraph se-text-paragraph-align- \" id=\"SE-d40e7413-aeae-4feb-8972-7881c4b1ccd2\" style=\"margin-bottom: 0px; border: 0px; font-style: inherit; font-variant: inherit; font-weight: inherit; font-stretch: inherit; font-size: 0px; line-height: 1.8; font-family: inherit; vertical-align: baseline; word-break: break-word; overflow-wrap: break-word; white-space: break-spaces;\"><span class=\"se-fs- se-ff-   \" id=\"SE-8cf0d5b7-cdb0-408e-9e81-4fb11516f3e3\" style=\"border: 0px; font-style: inherit; font-variant: inherit; font-weight: inherit; font-stretch: inherit; font-size: 15px; line-height: inherit; font-family: se-nanumgothic, &quot;\\\\B098눔고딕&quot;, nanumgothic, sans-serif, Meiryo; vertical-align: baseline;\">위에 명시된 파라미터들을 컨트롤러에서 @RequestParam으로 일일이 전달받는 방법은</span></p><p class=\"se-text-paragraph se-text-paragraph-align- \" id=\"SE-70aa114b-5e02-4de3-a5bd-28d5bb7b1693\" style=\"margin-bottom: 0px; border: 0px; font-style: inherit; font-variant: inherit; font-weight: inherit; font-stretch: inherit; font-size: 0px; line-height: 1.8; font-family: inherit; vertical-align: baseline; word-break: break-word; overflow-wrap: break-word; white-space: break-spaces;\"><span class=\"se-fs- se-ff-   \" id=\"SE-e0d303b2-5347-4195-a7af-335a7792aa39\" style=\"border: 0px; font-style: inherit; font-variant: inherit; font-weight: inherit; font-stretch: inherit; font-size: 15px; line-height: inherit; font-family: se-nanumgothic, &quot;\\\\B098눔고딕&quot;, nanumgothic, sans-serif, Meiryo; vertical-align: baseline;\">별로 효율적이지 않고, 파라미터의 개수가 늘어난다거나 했을 경우,</span></p><p class=\"se-text-paragraph se-text-paragraph-align- \" id=\"SE-297d4a61-ff04-414c-a133-770c1f1bfb10\" style=\"margin-bottom: 0px; border: 0px; font-style: inherit; font-variant: inherit; font-weight: inherit; font-stretch: inherit; font-size: 0px; line-height: 1.8; font-family: inherit; vertical-align: baseline; word-break: break-word; overflow-wrap: break-word; white-space: break-spaces;\"><span class=\"se-fs- se-ff-   \" id=\"SE-9a502d89-768f-493f-8909-a186c580dc3e\" style=\"border: 0px; font-style: inherit; font-variant: inherit; font-weight: inherit; font-stretch: inherit; font-size: 15px; line-height: inherit; font-family: se-nanumgothic, &quot;\\\\B098눔고딕&quot;, nanumgothic, sans-serif, Meiryo; vertical-align: baseline;\">파라미터의 관리와 수집이 까다로워지기 때문에 BoardDTO 클래스와 마찬가지로</span></p><p class=\"se-text-paragraph se-text-paragraph-align- \" id=\"SE-2e7f140a-3e94-4f2e-bebb-59698b6fa115\" style=\"margin-bottom: 0px; border: 0px; font-style: inherit; font-variant: inherit; font-weight: inherit; font-stretch: inherit; font-size: 0px; line-height: 1.8; font-family: inherit; vertical-align: baseline; word-break: break-word; overflow-wrap: break-word; white-space: break-spaces;\"><span class=\"se-fs- se-ff-   \" id=\"SE-cc39eb09-9567-4a19-b625-b592f29fd5a6\" style=\"border: 0px; font-style: inherit; font-variant: inherit; font-weight: inherit; font-stretch: inherit; font-size: 15px; line-height: inherit; font-family: se-nanumgothic, &quot;\\\\B098눔고딕&quot;, nanumgothic, sans-serif, Meiryo; vertical-align: baseline;\">공통으로 사용할 수 있는 하나의 클래스로 처리하는 것이 좋을 듯 하다.</span></p><p class=\"se-text-paragraph se-text-paragraph-align- \" id=\"SE-dac74ac3-a39f-4b72-9af6-12bfc1962f11\" style=\"margin-bottom: 0px; border: 0px; font-style: inherit; font-variant: inherit; font-weight: inherit; font-stretch: inherit; font-size: 0px; line-height: 1.8; font-family: inherit; vertical-align: baseline; word-break: break-word; overflow-wrap: break-word; white-space: break-spaces;\"><span class=\"se-fs- se-ff-   \" id=\"SE-8ad4ba57-e387-498b-b9f2-43cb14a7c0be\" style=\"border: 0px; font-style: inherit; font-variant: inherit; font-weight: inherit; font-stretch: inherit; font-size: 15px; line-height: inherit; font-family: se-nanumgothic, &quot;\\\\B098눔고딕&quot;, nanumgothic, sans-serif, Meiryo; vertical-align: baseline;\">​</span></p><p class=\"se-text-paragraph se-text-paragraph-align- \" id=\"SE-0c341051-848b-41ef-90db-314cff398908\" style=\"margin-bottom: 0px; border: 0px; font-style: inherit; font-variant: inherit; font-weight: inherit; font-stretch: inherit; font-size: 0px; line-height: 1.8; font-family: inherit; vertical-align: baseline; word-break: break-word; overflow-wrap: break-word; white-space: break-spaces;\"><span class=\"se-fs- se-ff-   \" id=\"SE-1596d9b8-1d80-4e6c-a24a-e797989bd007\" style=\"border: 0px; font-style: inherit; font-variant: inherit; font-weight: inherit; font-stretch: inherit; font-size: 15px; line-height: inherit; font-family: se-nanumgothic, &quot;\\\\B098눔고딕&quot;, nanumgothic, sans-serif, Meiryo; vertical-align: baseline;\">먼저 com.board 패키지에 paging 패키지를 추가하고,</span></p><p class=\"se-text-paragraph se-text-paragraph-align- \" id=\"SE-0a1dffca-54f3-4285-b896-32038f91d1c4\" style=\"margin-bottom: 0px; border: 0px; font-style: inherit; font-variant: inherit; font-weight: inherit; font-stretch: inherit; font-size: 0px; line-height: 1.8; font-family: inherit; vertical-align: baseline; word-break: break-word; overflow-wrap: break-word; white-space: break-spaces;\"><span class=\"se-fs- se-ff-   \" id=\"SE-0525d509-eb30-4b34-96b2-24c39445262b\" style=\"border: 0px; font-style: inherit; font-variant: inherit; font-weight: inherit; font-stretch: inherit; font-size: 15px; line-height: inherit; font-family: se-nanumgothic, &quot;\\\\B098눔고딕&quot;, nanumgothic, sans-serif, Meiryo; vertical-align: baseline;\">paging 패키지에 Criteria 클래스를 추가하고 다음의 코드를 작성하자.</span></p><p class=\"se-text-paragraph se-text-paragraph-align- \" id=\"SE-61b4b989-3d83-4fa9-82f3-759a2ccdb5cd\" style=\"margin-bottom: 0px; border: 0px; font-style: inherit; font-variant: inherit; font-weight: inherit; font-stretch: inherit; font-size: 0px; line-height: 1.8; font-family: inherit; vertical-align: baseline; word-break: break-word; overflow-wrap: break-word; white-space: break-spaces;\"><span class=\"se-fs- se-ff-   \" id=\"SE-aa52ccbd-356a-4d86-9452-947bd85b16e1\" style=\"border: 0px; font-style: inherit; font-variant: inherit; font-weight: inherit; font-stretch: inherit; font-size: 15px; line-height: inherit; font-family: se-nanumgothic, &quot;\\\\B098눔고딕&quot;, nanumgothic, sans-serif, Meiryo; vertical-align: baseline;\">​</span></p></div></div></div></div><div class=\"se-component se-image se-l-default\" id=\"SE-754fc1a7-6475-4730-a0ce-60bf169744d8\" style=\"margin-top: 20px; border: 0px; font-variant-numeric: inherit; font-variant-east-asian: inherit; font-stretch: inherit; font-size: medium; line-height: inherit; font-family: se-nanumgothic, &quot;\\\\B098눔고딕&quot;, nanumgothic, sans-serif, Meiryo; vertical-align: baseline; position: relative; color: rgb(99, 99, 99);\"><div class=\"se-component-content se-component-content-normal\" style=\"margin-right: auto; margin-left: auto; padding-right: 40px; padding-left: 40px; border: 0px; font: inherit; vertical-align: baseline; max-width: 100%;\"><div class=\"se-section se-section-image se-l-default se-section-align-\" style=\"border: 0px; font: inherit; vertical-align: baseline; max-width: 326px;\"><div class=\"se-module se-module-image\" style=\"border: 0px; font: inherit; vertical-align: baseline; position: relative;\"><a class=\"se-module-image-link __se_image_link __se_link\" data-linktype=\"img\" data-linkdata=\"{&quot;id&quot; : &quot;SE-754fc1a7-6475-4730-a0ce-60bf169744d8&quot;, &quot;src&quot; : &quot;https://postfiles.pstatic.net/MjAyMTAxMjJfMjQ2/MDAxNjExMjkxMjkwODM0.yEdDh2SGR0jTOWDpwJHC0wjYLyFqXuHnTXTGqHVtGngg.DD5sGk4sBw83PLIhWV5A6-gSItSRVbYj9FjFaDLyrFsg.PNG.minsuuuus/Spring_Paging0001.png&quot;, &quot;linkUse&quot; : &quot;false&quot;, &quot;link&quot; : &quot;&quot;}\" area-hidden=\"true\" style=\"border: 0px; font-style: inherit; font-variant: inherit; font-stretch: inherit; font-size: inherit; line-height: inherit; vertical-align: baseline; position: relative; display: block;\"><img src=\"https://postfiles.pstatic.net/MjAyMTAxMjJfMjQ2/MDAxNjExMjkxMjkwODM0.yEdDh2SGR0jTOWDpwJHC0wjYLyFqXuHnTXTGqHVtGngg.DD5sGk4sBw83PLIhWV5A6-gSItSRVbYj9FjFaDLyrFsg.PNG.minsuuuus/Spring_Paging0001.png?type=w773\" data-lazy-src=\"\" data-width=\"326\" data-height=\"376\" alt=\"\" class=\"se-image-resource egjs-visible\" style=\"border: 0px; font: inherit; vertical-align: top; position: relative; width: 326px;\"></a></div></div></div></div><div class=\"se-component se-code se-l-code_black __se-component\" id=\"SE-3722d4e1-7df2-4713-95cd-cbec8fd4a714\" style=\"margin-top: 30px; border: 0px; font-variant-numeric: inherit; font-variant-east-asian: inherit; font-stretch: inherit; font-size: medium; line-height: inherit; font-family: se-nanumgothic, &quot;\\\\B098눔고딕&quot;, nanumgothic, sans-serif, Meiryo; vertical-align: baseline; position: relative; color: rgb(99, 99, 99);\"><div class=\"se-component-content\" style=\"margin-right: auto; margin-left: auto; padding-right: 40px; padding-left: 40px; border: 0px; font: inherit; vertical-align: baseline; max-width: 100%;\"><div class=\"se-section se-section-code se-l-code_black\" style=\"border: 0px; font: inherit; vertical-align: baseline; position: relative;\"><div class=\"se-module se-module-code se-fs-fs13\" style=\"padding-top: 12px; padding-bottom: 12px; border: 0px; font-style: inherit; font-variant: inherit; font-weight: inherit; font-stretch: inherit; font-size: 13px; line-height: inherit; font-family: inherit; vertical-align: baseline; overflow: auto hidden; color: rgb(248, 248, 242); background: rgb(39, 40, 34);\"><div class=\"se-code-source\" style=\"padding-right: 17px; padding-left: 17px; border: 0px; font: inherit; vertical-align: baseline; display: inline-block;\"><div class=\"__se_code_view  language-javascript\" style=\"border: 0px; font-style: inherit; font-variant: inherit; font-weight: inherit; font-stretch: inherit; font-size: inherit; line-height: 24px; font-family: &quot;Source Code Pro&quot;, sourcecodepro, se-sourcecodepro, Consolas, Monaco, &quot;Andale Mono&quot;, &quot;Ubuntu Mono&quot;, monospace, sans-serif; vertical-align: baseline; color: rgb(255, 255, 255); background: none; white-space: pre; word-spacing: normal; word-break: normal; overflow-wrap: normal; tab-size: 4; hyphens: none;\"><span class=\"token se-code-keyword\" style=\"border: 0px; font: inherit; vertical-align: baseline; color: rgb(242, 193, 63);\">package</span> com<span class=\"token se-code-punctuation\" style=\"border: 0px; font: inherit; vertical-align: baseline;\">.</span>board<span class=\"token se-code-punctuation\" style=\"border: 0px; font: inherit; vertical-align: baseline;\">.</span>paging<span class=\"token se-code-punctuation\" style=\"border: 0px; font: inherit; vertical-align: baseline;\">;</span>\n\n<span class=\"token se-code-keyword\" style=\"border: 0px; font: inherit; vertical-align: baseline; color: rgb(242, 193, 63);\">import</span> lombok<span class=\"token se-code-punctuation\" style=\"border: 0px; font: inherit; vertical-align: baseline;\">.</span>Getter<span class=\"token se-code-punctuation\" style=\"border: 0px; font: inherit; vertical-align: baseline;\">;</span>\n<span class=\"token se-code-keyword\" style=\"border: 0px; font: inherit; vertical-align: baseline; color: rgb(242, 193, 63);\">import</span> lombok<span class=\"token se-code-punctuation\" style=\"border: 0px; font: inherit; vertical-align: baseline;\">.</span>Setter<span class=\"token se-code-punctuation\" style=\"border: 0px; font: inherit; vertical-align: baseline;\">;</span>\n\n@Getter\n@Setter\n<span class=\"token se-code-keyword\" style=\"border: 0px; font: inherit; vertical-align: baseline; color: rgb(242, 193, 63);\">public</span> <span class=\"token se-code-keyword\" style=\"border: 0px; font: inherit; vertical-align: baseline; color: rgb(242, 193, 63);\">class</span> <span class=\"token se-code-class-name\" style=\"border: 0px; font: inherit; vertical-align: baseline;\">Criteria</span> <span class=\"token se-code-punctuation\" style=\"border: 0px; font: inherit; vertical-align: baseline;\">{</span>\n\n	<span class=\"token se-code-comment\" style=\"border: 0px; font: inherit; vertical-align: baseline; color: rgb(98, 98, 107);\">/** 현재 페이지 번호 */</span>\n	<span class=\"token se-code-keyword\" style=\"border: 0px; font: inherit; vertical-align: baseline; color: rgb(242, 193, 63);\">private</span> int currentPageNo<span class=\"token se-code-punctuation\" style=\"border: 0px; font: inherit; vertical-align: baseline;\">;</span>\n\n	<span class=\"token se-code-comment\" style=\"border: 0px; font: inherit; vertical-align: baseline; color: rgb(98, 98, 107);\">/** 페이지당 출력할 데이터 개수 */</span>\n	<span class=\"token se-code-keyword\" style=\"border: 0px; font: inherit; vertical-align: baseline; color: rgb(242, 193, 63);\">private</span> int recordsPerPage<span class=\"token se-code-punctuation\" style=\"border: 0px; font: inherit; vertical-align: baseline;\">;</span>\n\n	<span class=\"token se-code-comment\" style=\"border: 0px; font: inherit; vertical-align: baseline; color: rgb(98, 98, 107);\">/** 화면 하단에 출력할 페이지 사이즈 */</span>\n	<span class=\"token se-code-keyword\" style=\"border: 0px; font: inherit; vertical-align: baseline; color: rgb(242, 193, 63);\">private</span> int pageSize<span class=\"token se-code-punctuation\" style=\"border: 0px; font: inherit; vertical-align: baseline;\">;</span>\n\n	<span class=\"token se-code-comment\" style=\"border: 0px; font: inherit; vertical-align: baseline; color: rgb(98, 98, 107);\">/** 검색 키워드 */</span>\n	<span class=\"token se-code-keyword\" style=\"border: 0px; font: inherit; vertical-align: baseline; color: rgb(242, 193, 63);\">private</span> String searchKeyword<span class=\"token se-code-punctuation\" style=\"border: 0px; font: inherit; vertical-align: baseline;\">;</span>\n\n	<span class=\"token se-code-comment\" style=\"border: 0px; font: inherit; vertical-align: baseline; color: rgb(98, 98, 107);\">/** 검색 유형 */</span>\n	<span class=\"token se-code-keyword\" style=\"border: 0px; font: inherit; vertical-align: baseline; color: rgb(242, 193, 63);\">private</span> String searchType<span class=\"token se-code-punctuation\" style=\"border: 0px; font: inherit; vertical-align: baseline;\">;</span>\n\n	<span class=\"token se-code-keyword\" style=\"border: 0px; font: inherit; vertical-align: baseline; color: rgb(242, 193, 63);\">public</span> <span class=\"token se-code-function\" style=\"border: 0px; font: inherit; vertical-align: baseline; color: rgb(54, 188, 252);\">Criteria</span><span class=\"token se-code-punctuation\" style=\"border: 0px; font: inherit; vertical-align: baseline;\">(</span><span class=\"token se-code-punctuation\" style=\"border: 0px; font: inherit; vertical-align: baseline;\">)</span> <span class=\"token se-code-punctuation\" style=\"border: 0px; font: inherit; vertical-align: baseline;\">{</span>\n		<span class=\"token se-code-keyword\" style=\"border: 0px; font: inherit; vertical-align: baseline; color: rgb(242, 193, 63);\">this</span><span class=\"token se-code-punctuation\" style=\"border: 0px; font: inherit; vertical-align: baseline;\">.</span>currentPageNo <span class=\"token se-code-operator\" style=\"border: 0px; font: inherit; vertical-align: baseline; color: rgb(159, 186, 69);\">=</span> <span class=\"token se-code-number\" style=\"border: 0px; font: inherit; vertical-align: baseline; color: rgb(248, 102, 52);\">1</span><span class=\"token se-code-punctuation\" style=\"border: 0px; font: inherit; vertical-align: baseline;\">;</span>\n		<span class=\"token se-code-keyword\" style=\"border: 0px; font: inherit; vertical-align: baseline; color: rgb(242, 193, 63);\">this</span><span class=\"token se-code-punctuation\" style=\"border: 0px; font: inherit; vertical-align: baseline;\">.</span>recordsPerPage <span class=\"token se-code-operator\" style=\"border: 0px; font: inherit; vertical-align: baseline; color: rgb(159, 186, 69);\">=</span> <span class=\"token se-code-number\" style=\"border: 0px; font: inherit; vertical-align: baseline; color: rgb(248, 102, 52);\">10</span><span class=\"token se-code-punctuation\" style=\"border: 0px; font: inherit; vertical-align: baseline;\">;</span>\n		<span class=\"token se-code-keyword\" style=\"border: 0px; font: inherit; vertical-align: baseline; color: rgb(242, 193, 63);\">this</span><span class=\"token se-code-punctuation\" style=\"border: 0px; font: inherit; vertical-align: baseline;\">.</span>pageSize <span class=\"token se-code-operator\" style=\"border: 0px; font: inherit; vertical-align: baseline; color: rgb(159, 186, 69);\">=</span> <span class=\"token se-code-number\" style=\"border: 0px; font: inherit; vertical-align: baseline; color: rgb(248, 102, 52);\">10</span><span class=\"token se-code-punctuation\" style=\"border: 0px; font: inherit; vertical-align: baseline;\">;</span>\n	<span class=\"token se-code-punctuation\" style=\"border: 0px; font: inherit; vertical-align: baseline;\">}</span>\n\n	<span class=\"token se-code-keyword\" style=\"border: 0px; font: inherit; vertical-align: baseline; color: rgb(242, 193, 63);\">public</span> int <span class=\"token se-code-function\" style=\"border: 0px; font: inherit; vertical-align: baseline; color: rgb(54, 188, 252);\">getStartPage</span><span class=\"token se-code-punctuation\" style=\"border: 0px; font: inherit; vertical-align: baseline;\">(</span><span class=\"token se-code-punctuation\" style=\"border: 0px; font: inherit; vertical-align: baseline;\">)</span> <span class=\"token se-code-punctuation\" style=\"border: 0px; font: inherit; vertical-align: baseline;\">{</span>\n		<span class=\"token se-code-keyword\" style=\"border: 0px; font: inherit; vertical-align: baseline; color: rgb(242, 193, 63);\">return</span> <span class=\"token se-code-punctuation\" style=\"border: 0px; font: inherit; vertical-align: baseline;\">(</span>currentPageNo <span class=\"token se-code-operator\" style=\"border: 0px; font: inherit; vertical-align: baseline; color: rgb(159, 186, 69);\">-</span> <span class=\"token se-code-number\" style=\"border: 0px; font: inherit; vertical-align: baseline; color: rgb(248, 102, 52);\">1</span><span class=\"token se-code-punctuation\" style=\"border: 0px; font: inherit; vertical-align: baseline;\">)</span> <span class=\"token se-code-operator\" style=\"border: 0px; font: inherit; vertical-align: baseline; color: rgb(159, 186, 69);\">*</span> recordsPerPage<span class=\"token se-code-punctuation\" style=\"border: 0px; font: inherit; vertical-align: baseline;\">;</span>\n	<span class=\"token se-code-punctuation\" style=\"border: 0px; font: inherit; vertical-align: baseline;\">}</span>\n\n<span class=\"token se-code-punctuation\" style=\"border: 0px; font: inherit; vertical-align: baseline;\">}</span></div></div></div></div></div></div><div class=\"se-component se-text se-l-default\" id=\"SE-9381fdf4-b9b1-49ec-8d4e-bb2aba15ea5b\" style=\"margin-top: 30px; border: 0px; font-variant-numeric: inherit; font-variant-east-asian: inherit; font-stretch: inherit; font-size: medium; line-height: inherit; font-family: se-nanumgothic, &quot;\\\\B098눔고딕&quot;, nanumgothic, sans-serif, Meiryo; vertical-align: baseline; position: relative; color: rgb(99, 99, 99);\"><div class=\"se-component-content\" style=\"margin-right: auto; margin-left: auto; padding-right: 40px; padding-left: 40px; border: 0px; font: inherit; vertical-align: baseline; max-width: 100%;\"><div class=\"se-section se-section-text se-l-default\" style=\"border: 0px; font: inherit; vertical-align: baseline;\"><div class=\"se-module se-module-text\" style=\"border: 0px; font: inherit; vertical-align: baseline;\"><p class=\"se-text-paragraph se-text-paragraph-align- \" id=\"SE-b33ae994-373a-4145-aec1-a8ff84766f92\" style=\"margin-bottom: 0px; border: 0px; font-style: inherit; font-variant: inherit; font-weight: inherit; font-stretch: inherit; font-size: 0px; line-height: 1.8; font-family: inherit; vertical-align: baseline; word-break: break-word; overflow-wrap: break-word; white-space: break-spaces;\"><span class=\"se-fs- se-ff-   \" id=\"SE-1b9840a4-f31a-4c9a-89d6-50411c95665c\" style=\"border: 0px; font-style: inherit; font-variant: inherit; font-weight: inherit; font-stretch: inherit; font-size: 15px; line-height: inherit; font-family: se-nanumgothic, &quot;\\\\B098눔고딕&quot;, nanumgothic, sans-serif, Meiryo; vertical-align: baseline;\">클래스 레벨에 지정된 @Getter, @Setter는 롬복(Lombok) 라이브러리에서 제공해주는 기능이다.</span></p><p class=\"se-text-paragraph se-text-paragraph-align- \" id=\"SE-7c0efde1-88bc-4de2-bbb7-df005957302f\" style=\"margin-bottom: 0px; border: 0px; font-style: inherit; font-variant: inherit; font-weight: inherit; font-stretch: inherit; font-size: 0px; line-height: 1.8; font-family: inherit; vertical-align: baseline; word-break: break-word; overflow-wrap: break-word; white-space: break-spaces;\"><span class=\"se-fs- se-ff-   \" id=\"SE-4abb4bd0-1b69-4b75-a520-8960280b878b\" style=\"border: 0px; font-style: inherit; font-variant: inherit; font-weight: inherit; font-stretch: inherit; font-size: 15px; line-height: inherit; font-family: se-nanumgothic, &quot;\\\\B098눔고딕&quot;, nanumgothic, sans-serif, Meiryo; vertical-align: baseline;\">기존의 방식대로 getter/setter를 추가해도 무관하다.</span></p><p class=\"se-text-paragraph se-text-paragraph-align- \" id=\"SE-20bfedc2-de05-4acc-9d30-4f2b8572d806\" style=\"margin-bottom: 0px; border: 0px; font-style: inherit; font-variant: inherit; font-weight: inherit; font-stretch: inherit; font-size: 0px; line-height: 1.8; font-family: inherit; vertical-align: baseline; word-break: break-word; overflow-wrap: break-word; white-space: break-spaces;\"><span class=\"se-fs- se-ff-   \" id=\"SE-9f9c0a96-be8a-4618-858d-57a9b70315ba\" style=\"border: 0px; font-style: inherit; font-variant: inherit; font-weight: inherit; font-stretch: inherit; font-size: 15px; line-height: inherit; font-family: se-nanumgothic, &quot;\\\\B098눔고딕&quot;, nanumgothic, sans-serif, Meiryo; vertical-align: baseline;\">​</span></p><div class=\"autosourcing-stub-extra\" style=\"border: 0px; font: inherit; vertical-align: baseline; zoom: 1; opacity: 1;\"><p style=\"margin-top: 11px; margin-bottom: 7px; border: 0px; font-variant: inherit; font-stretch: inherit; font-size: 12px; line-height: inherit; font-family: Dotum; vertical-align: baseline;\"><strong style=\"padding-right: 7px;\">[출처]</strong> <a href=\"https://blog.naver.com/minsuuuus/222217838537\" target=\"_blank\" style=\"text-decoration: none; border: 0px; font-style: inherit; font-variant: inherit; font-stretch: inherit; font-size: inherit; line-height: inherit; vertical-align: baseline;\">스프링 부트 게시판 만들기 12 - 페이징 처리</a><span style=\"padding-right: 7px; padding-left: 5px; border: 0px; font: inherit; vertical-align: baseline;\">|</span><strong style=\"padding-right: 7px;\">작성자</strong> <a href=\"https://blog.naver.com/minsuuuus\" target=\"_blank\" style=\"text-decoration: none; border: 0px; font-style: inherit; font-variant: inherit; font-stretch: inherit; font-size: inherit; line-height: inherit; vertical-align: baseline;\">민수쓰</a></p></div><p></p></div></div></div></div>',23,0,0,'2022-07-18 14:27:40','2022-07-18 16:16:19','Spring','C',NULL,NULL,NULL,NULL,NULL,NULL,NULL,NULL);
INSERT INTO note (`noteId`,`userId`,`pageViewState`,`categoryId`,`noteTitle`,`note`,`noteView`,`noteLike`,`noteCommentNum`,`noteCreatedDate`,`noteUpdatedDate`,`hashName1`,`hashName2`,`hashName3`,`hashName4`,`hashName5`,`hashName6`,`hashName7`,`hashName8`,`hashName9`,`hashName10`) VALUES (18,'hong',1,1,'스프링 부트 게시판 만들기_수정버전','<div class=\"se-component se-text se-l-default\" id=\"SE-37f40d1d-d246-4b12-9c79-1d299b7bf4ab\" style=\"border: 0px; font-variant-numeric: inherit; font-variant-east-asian: inherit; font-stretch: inherit; font-size: medium; line-height: inherit; font-family: se-nanumgothic, &quot;\\\\B098눔고딕&quot;, nanumgothic, sans-serif, Meiryo; vertical-align: baseline; position: relative; color: rgb(99, 99, 99);\"><div class=\"se-component-content\" style=\"margin-right: auto; margin-left: auto; padding-right: 40px; padding-left: 40px; border: 0px; font: inherit; vertical-align: baseline; max-width: 100%;\"><div class=\"se-section se-section-text se-l-default\" style=\"border: 0px; font: inherit; vertical-align: baseline;\"><div class=\"se-module se-module-text\" style=\"border: 0px; font: inherit; vertical-align: baseline;\"><p class=\"se-text-paragraph se-text-paragraph-align- \" id=\"SE-ad160af5-32f1-4a8d-becf-ed9c4a440c9f\" style=\"margin-bottom: 0px; border: 0px; font-style: inherit; font-variant: inherit; font-weight: inherit; font-stretch: inherit; font-size: 0px; line-height: 1.8; font-family: inherit; vertical-align: baseline; word-break: break-word; overflow-wrap: break-word; white-space: break-spaces;\"><span class=\"se-fs- se-ff-   \" id=\"SE-017fef34-fbcc-4034-82fb-83881c6c36ff\" style=\"border: 0px; font-style: inherit; font-variant: inherit; font-weight: inherit; font-stretch: inherit; font-size: 15px; line-height: inherit; font-family: se-nanumgothic, &quot;\\\\B098눔고딕&quot;, nanumgothic, sans-serif, Meiryo; vertical-align: baseline;\">이전 포스팅에서는 프로젝트에 AOP와 트랜잭션을 적용해보았다.</span></p><p class=\"se-text-paragraph se-text-paragraph-align- \" id=\"SE-395afe5a-91a8-478e-9583-ca41ccc87515\" style=\"margin-bottom: 0px; border: 0px; font-style: inherit; font-variant: inherit; font-weight: inherit; font-stretch: inherit; font-size: 0px; line-height: 1.8; font-family: inherit; vertical-align: baseline; word-break: break-word; overflow-wrap: break-word; white-space: break-spaces;\"><span class=\"se-fs- se-ff-   \" id=\"SE-5a72721e-41e2-4817-9011-8c86d8964e63\" style=\"border: 0px; font-style: inherit; font-variant: inherit; font-weight: inherit; font-stretch: inherit; font-size: 15px; line-height: inherit; font-family: se-nanumgothic, &quot;\\\\B098눔고딕&quot;, nanumgothic, sans-serif, Meiryo; vertical-align: baseline;\">이번에는 게시판 페이징 처리를 해보도록 하자.</span></p></div></div></div></div><div class=\"se-component se-horizontalLine se-l-line1\" id=\"SE-1a91ddc4-df81-4394-8f75-07b67bd43d02\" style=\"margin-top: 30px; border: 0px; font-variant-numeric: inherit; font-variant-east-asian: inherit; font-stretch: inherit; font-size: medium; line-height: inherit; font-family: se-nanumgothic, &quot;\\\\B098눔고딕&quot;, nanumgothic, sans-serif, Meiryo; vertical-align: baseline; position: relative; color: rgb(99, 99, 99);\"><div class=\"se-component-content\" style=\"margin-right: auto; margin-left: auto; padding-right: 40px; padding-left: 40px; border: 0px; font: inherit; vertical-align: baseline; max-width: 100%;\"><div class=\"se-section se-section-horizontalLine se-l-line1 se-section-align-\" style=\"border: 0px; font: inherit; vertical-align: baseline;\"><div class=\"se-module se-module-horizontalLine\" style=\"padding-top: 30px; padding-bottom: 29px; border: 0px; font: inherit; vertical-align: baseline; width: 693px;\"><hr class=\"se-hr\" style=\"margin: 0px auto; width: 693px; background-color: rgb(221, 221, 221);\"></div></div></div></div><div class=\"se-component se-text se-l-default\" id=\"SE-8cea68fa-5555-4cdd-9044-947a6ca9f403\" style=\"margin-top: 30px; border: 0px; font-variant-numeric: inherit; font-variant-east-asian: inherit; font-stretch: inherit; font-size: medium; line-height: inherit; font-family: se-nanumgothic, &quot;\\\\B098눔고딕&quot;, nanumgothic, sans-serif, Meiryo; vertical-align: baseline; position: relative; color: rgb(99, 99, 99);\"><div class=\"se-component-content\" style=\"margin-right: auto; margin-left: auto; padding-right: 40px; padding-left: 40px; border: 0px; font: inherit; vertical-align: baseline; max-width: 100%;\"><div class=\"se-section se-section-text se-l-default\" style=\"border: 0px; font: inherit; vertical-align: baseline;\"><div class=\"se-module se-module-text\" style=\"border: 0px; font: inherit; vertical-align: baseline;\"><p class=\"se-text-paragraph se-text-paragraph-align- \" id=\"SE-98a3ec2b-8247-4902-bcd6-9cee3ddb2bb6\" style=\"margin-bottom: 0px; border: 0px; font-style: inherit; font-variant: inherit; font-weight: inherit; font-stretch: inherit; font-size: 0px; line-height: 1.8; font-family: inherit; vertical-align: baseline; word-break: break-word; overflow-wrap: break-word; white-space: break-spaces;\"><span class=\"se-fs-fs19 se-ff-   \" id=\"SE-d02f7126-098a-4d54-851c-9a571b9a7b9b\" style=\"border: 0px; font-style: inherit; font-variant: inherit; font-weight: inherit; font-stretch: inherit; font-size: 19px; line-height: inherit; font-family: se-nanumgothic, &quot;\\\\B098눔고딕&quot;, nanumgothic, sans-serif, Meiryo; vertical-align: baseline;\"><span style=\"font-weight: 700; background-color: inherit; font-family: inherit;\">1. 페이징(Paging)이란?</span></span></p><p class=\"se-text-paragraph se-text-paragraph-align- \" id=\"SE-016d55c5-0ba1-4de9-93f7-684bc5759aa7\" style=\"margin-bottom: 0px; border: 0px; font-style: inherit; font-variant: inherit; font-weight: inherit; font-stretch: inherit; font-size: 0px; line-height: 1.8; font-family: inherit; vertical-align: baseline; word-break: break-word; overflow-wrap: break-word; white-space: break-spaces;\"><span class=\"se-fs- se-ff-   \" id=\"SE-0b4b1704-72de-4f16-be5f-f849f2e8d34d\" style=\"border: 0px; font-style: inherit; font-variant: inherit; font-weight: inherit; font-stretch: inherit; font-size: 15px; line-height: inherit; font-family: se-nanumgothic, &quot;\\\\B098눔고딕&quot;, nanumgothic, sans-serif, Meiryo; vertical-align: baseline;\">​</span></p><p class=\"se-text-paragraph se-text-paragraph-align- \" id=\"SE-24dfe4fc-265a-4464-bd81-d23509b93f27\" style=\"margin-bottom: 0px; border: 0px; font-style: inherit; font-variant: inherit; font-weight: inherit; font-stretch: inherit; font-size: 0px; line-height: 1.8; font-family: inherit; vertical-align: baseline; word-break: break-word; overflow-wrap: break-word; white-space: break-spaces;\"><span class=\"se-fs- se-ff-   \" id=\"SE-3524bbb5-3c2a-4247-8d7f-06529d9ab21f\" style=\"border: 0px; font-style: inherit; font-variant: inherit; font-weight: inherit; font-stretch: inherit; font-size: 15px; line-height: inherit; font-family: se-nanumgothic, &quot;\\\\B098눔고딕&quot;, nanumgothic, sans-serif, Meiryo; vertical-align: baseline;\">페이징은 사용자가 어떤 데이터를 필요로 할 때,</span></p><p class=\"se-text-paragraph se-text-paragraph-align- \" id=\"SE-64576c03-8036-4457-bc45-471ac8ed3589\" style=\"margin-bottom: 0px; border: 0px; font-style: inherit; font-variant: inherit; font-weight: inherit; font-stretch: inherit; font-size: 0px; line-height: 1.8; font-family: inherit; vertical-align: baseline; word-break: break-word; overflow-wrap: break-word; white-space: break-spaces;\"><span class=\"se-fs- se-ff-   \" id=\"SE-3d15c8e1-6d8e-4053-bcb6-7d30c68bca02\" style=\"border: 0px; font-style: inherit; font-variant: inherit; font-weight: inherit; font-stretch: inherit; font-size: 15px; line-height: inherit; font-family: se-nanumgothic, &quot;\\\\B098눔고딕&quot;, nanumgothic, sans-serif, Meiryo; vertical-align: baseline;\">전체 데이터의 일부분을 보여주는 것을 말한다.</span></p><p class=\"se-text-paragraph se-text-paragraph-align- \" id=\"SE-ac50e630-8c7d-40b5-adc5-946c358715c2\" style=\"margin-bottom: 0px; border: 0px; font-style: inherit; font-variant: inherit; font-weight: inherit; font-stretch: inherit; font-size: 0px; line-height: 1.8; font-family: inherit; vertical-align: baseline; word-break: break-word; overflow-wrap: break-word; white-space: break-spaces;\"><span class=\"se-fs- se-ff-   \" id=\"SE-41d8276c-5326-4d54-93df-6ba652db7bc9\" style=\"border: 0px; font-style: inherit; font-variant: inherit; font-weight: inherit; font-stretch: inherit; font-size: 15px; line-height: inherit; font-family: se-nanumgothic, &quot;\\\\B098눔고딕&quot;, nanumgothic, sans-serif, Meiryo; vertical-align: baseline;\">예를 들면, 게시글이 쌓이다 보면 게시글 갯수가 계속해서 늘어난다.</span></p><p class=\"se-text-paragraph se-text-paragraph-align- \" id=\"SE-451ad250-e53f-446e-98b7-394a9bfc56cf\" style=\"margin-bottom: 0px; border: 0px; font-style: inherit; font-variant: inherit; font-weight: inherit; font-stretch: inherit; font-size: 0px; line-height: 1.8; font-family: inherit; vertical-align: baseline; word-break: break-word; overflow-wrap: break-word; white-space: break-spaces;\"><span class=\"se-fs- se-ff-   \" id=\"SE-b264b90c-c928-43b8-b347-e1bc745a2600\" style=\"border: 0px; font-style: inherit; font-variant: inherit; font-weight: inherit; font-stretch: inherit; font-size: 15px; line-height: inherit; font-family: se-nanumgothic, &quot;\\\\B098눔고딕&quot;, nanumgothic, sans-serif, Meiryo; vertical-align: baseline;\">이 게시글들을 한 페이지에 다 담기에는 무리가 있다.</span></p><p class=\"se-text-paragraph se-text-paragraph-align- \" id=\"SE-c4b13700-9ee8-4f6e-8c6e-839cd4ec2484\" style=\"margin-bottom: 0px; border: 0px; font-style: inherit; font-variant: inherit; font-weight: inherit; font-stretch: inherit; font-size: 0px; line-height: 1.8; font-family: inherit; vertical-align: baseline; word-break: break-word; overflow-wrap: break-word; white-space: break-spaces;\"><span class=\"se-fs- se-ff-   \" id=\"SE-427a3a16-c52e-4a19-9f9c-ee87b1885c0e\" style=\"border: 0px; font-style: inherit; font-variant: inherit; font-weight: inherit; font-stretch: inherit; font-size: 15px; line-height: inherit; font-family: se-nanumgothic, &quot;\\\\B098눔고딕&quot;, nanumgothic, sans-serif, Meiryo; vertical-align: baseline;\">로딩 속도도 느려지고 필요한 데이터를 찾기도 힘들다.</span></p><p class=\"se-text-paragraph se-text-paragraph-align- \" id=\"SE-d2d0c52f-2d67-4c04-a3f0-3a7def37637c\" style=\"margin-bottom: 0px; border: 0px; font-style: inherit; font-variant: inherit; font-weight: inherit; font-stretch: inherit; font-size: 0px; line-height: 1.8; font-family: inherit; vertical-align: baseline; word-break: break-word; overflow-wrap: break-word; white-space: break-spaces;\"><span class=\"se-fs- se-ff-   \" id=\"SE-e85add90-8183-45c3-9fcc-742e713f04a1\" style=\"border: 0px; font-style: inherit; font-variant: inherit; font-weight: inherit; font-stretch: inherit; font-size: 15px; line-height: inherit; font-family: se-nanumgothic, &quot;\\\\B098눔고딕&quot;, nanumgothic, sans-serif, Meiryo; vertical-align: baseline;\">이러한 문제점을 해결하기 위해 페이징과 검색 기능이 필요한 것이다.</span></p></div></div></div></div><div class=\"se-component se-horizontalLine se-l-line1\" id=\"SE-66219efd-2bf4-4233-a182-34177da00482\" style=\"margin-top: 30px; border: 0px; font-variant-numeric: inherit; font-variant-east-asian: inherit; font-stretch: inherit; font-size: medium; line-height: inherit; font-family: se-nanumgothic, &quot;\\\\B098눔고딕&quot;, nanumgothic, sans-serif, Meiryo; vertical-align: baseline; position: relative; color: rgb(99, 99, 99);\"><div class=\"se-component-content\" style=\"margin-right: auto; margin-left: auto; padding-right: 40px; padding-left: 40px; border: 0px; font: inherit; vertical-align: baseline; max-width: 100%;\"><div class=\"se-section se-section-horizontalLine se-l-line1 se-section-align-\" style=\"border: 0px; font: inherit; vertical-align: baseline;\"><div class=\"se-module se-module-horizontalLine\" style=\"padding-top: 30px; padding-bottom: 29px; border: 0px; font: inherit; vertical-align: baseline; width: 693px;\"><hr class=\"se-hr\" style=\"margin: 0px auto; width: 693px; background-color: rgb(221, 221, 221);\"></div></div></div></div><div class=\"se-component se-text se-l-default\" id=\"SE-70a83b15-87e5-4b6a-8efe-6aff28a49a80\" style=\"margin-top: 30px; border: 0px; font-variant-numeric: inherit; font-variant-east-asian: inherit; font-stretch: inherit; font-size: medium; line-height: inherit; font-family: se-nanumgothic, &quot;\\\\B098눔고딕&quot;, nanumgothic, sans-serif, Meiryo; vertical-align: baseline; position: relative; color: rgb(99, 99, 99);\"><div class=\"se-component-content\" style=\"margin-right: auto; margin-left: auto; padding-right: 40px; padding-left: 40px; border: 0px; font: inherit; vertical-align: baseline; max-width: 100%;\"><div class=\"se-section se-section-text se-l-default\" style=\"border: 0px; font: inherit; vertical-align: baseline;\"><div class=\"se-module se-module-text\" style=\"border: 0px; font: inherit; vertical-align: baseline;\"><p class=\"se-text-paragraph se-text-paragraph-align- \" id=\"SE-370d96ac-9106-4e84-bc14-e1f8ad7246d1\" style=\"margin-bottom: 0px; border: 0px; font-style: inherit; font-variant: inherit; font-weight: inherit; font-stretch: inherit; font-size: 0px; line-height: 1.8; font-family: inherit; vertical-align: baseline; word-break: break-word; overflow-wrap: break-word; white-space: break-spaces;\"><span class=\"se-fs-fs19 se-ff-   \" id=\"SE-f5b6aa84-aafe-4c84-a2b5-a5fc523d3ef2\" style=\"border: 0px; font-style: inherit; font-variant: inherit; font-weight: inherit; font-stretch: inherit; font-size: 19px; line-height: inherit; font-family: se-nanumgothic, &quot;\\\\B098눔고딕&quot;, nanumgothic, sans-serif, Meiryo; vertical-align: baseline;\"><span style=\"font-weight: 700; background-color: inherit; font-family: inherit;\">2. 공통 페이징 파라미터 처리용 클래스 만들기</span></span></p><p class=\"se-text-paragraph se-text-paragraph-align- \" id=\"SE-96773842-c958-41f9-b6c3-c096454937ba\" style=\"margin-bottom: 0px; border: 0px; font-style: inherit; font-variant: inherit; font-weight: inherit; font-stretch: inherit; font-size: 0px; line-height: 1.8; font-family: inherit; vertical-align: baseline; word-break: break-word; overflow-wrap: break-word; white-space: break-spaces;\"><span class=\"se-fs- se-ff-   \" id=\"SE-a8c6c0bb-3ffd-413d-9330-d52169614bce\" style=\"border: 0px; font-style: inherit; font-variant: inherit; font-weight: inherit; font-stretch: inherit; font-size: 15px; line-height: inherit; font-family: se-nanumgothic, &quot;\\\\B098눔고딕&quot;, nanumgothic, sans-serif, Meiryo; vertical-align: baseline;\">​</span></p><p class=\"se-text-paragraph se-text-paragraph-align- \" id=\"SE-ae1e9755-4264-4a5d-96a3-207296955f58\" style=\"margin-bottom: 0px; border: 0px; font-style: inherit; font-variant: inherit; font-weight: inherit; font-stretch: inherit; font-size: 0px; line-height: 1.8; font-family: inherit; vertical-align: baseline; word-break: break-word; overflow-wrap: break-word; white-space: break-spaces;\"><span class=\"se-fs- se-ff-   \" id=\"SE-d8c987c8-f9e3-4d92-8984-3cdfd1fe921a\" style=\"border: 0px; font-style: inherit; font-variant: inherit; font-weight: inherit; font-stretch: inherit; font-size: 15px; line-height: inherit; font-family: se-nanumgothic, &quot;\\\\B098눔고딕&quot;, nanumgothic, sans-serif, Meiryo; vertical-align: baseline;\">페이징과 검색 처리는 다음과 같이 몇 가지 데이터(파라미터)를 필요로 한다.</span></p><p class=\"se-text-paragraph se-text-paragraph-align- \" id=\"SE-e4c22bf0-ff5c-4af7-a237-e58c32649b1f\" style=\"margin-bottom: 0px; border: 0px; font-style: inherit; font-variant: inherit; font-weight: inherit; font-stretch: inherit; font-size: 0px; line-height: 1.8; font-family: inherit; vertical-align: baseline; word-break: break-word; overflow-wrap: break-word; white-space: break-spaces;\"><span class=\"se-fs- se-ff-   \" id=\"SE-a0670718-442d-4922-b4a4-2916d77ab9d6\" style=\"border: 0px; font-style: inherit; font-variant: inherit; font-weight: inherit; font-stretch: inherit; font-size: 15px; line-height: inherit; font-family: se-nanumgothic, &quot;\\\\B098눔고딕&quot;, nanumgothic, sans-serif, Meiryo; vertical-align: baseline;\">데이터의 내용은 다음과 같다.</span></p><p class=\"se-text-paragraph se-text-paragraph-align- \" id=\"SE-402e5811-90fd-423d-a50d-1fdf13287da4\" style=\"margin-bottom: 0px; border: 0px; font-style: inherit; font-variant: inherit; font-weight: inherit; font-stretch: inherit; font-size: 0px; line-height: 1.8; font-family: inherit; vertical-align: baseline; word-break: break-word; overflow-wrap: break-word; white-space: break-spaces;\"><span class=\"se-fs- se-ff-   \" id=\"SE-09ace67b-67f5-4d28-acea-47753be5c25e\" style=\"border: 0px; font-style: inherit; font-variant: inherit; font-weight: inherit; font-stretch: inherit; font-size: 15px; line-height: inherit; font-family: se-nanumgothic, &quot;\\\\B098눔고딕&quot;, nanumgothic, sans-serif, Meiryo; vertical-align: baseline;\">​</span></p><p class=\"se-text-paragraph se-text-paragraph-align- \" id=\"SE-7ece8546-5acb-4739-80e4-34da89498696\" style=\"margin-bottom: 0px; border: 0px; font-style: inherit; font-variant: inherit; font-weight: inherit; font-stretch: inherit; font-size: 0px; line-height: 1.8; font-family: inherit; vertical-align: baseline; word-break: break-word; overflow-wrap: break-word; white-space: break-spaces;\"><span class=\"se-fs- se-ff-   \" id=\"SE-05ceeb69-9ef5-43f6-a5ba-ce2f2d746e66\" style=\"border: 0px; font-style: inherit; font-variant: inherit; font-weight: inherit; font-stretch: inherit; font-size: 15px; line-height: inherit; font-family: se-nanumgothic, &quot;\\\\B098눔고딕&quot;, nanumgothic, sans-serif, Meiryo; vertical-align: baseline; color: rgb(255, 169, 79);\"><span style=\"font-weight: 700; background-color: inherit; font-family: inherit;\">currentPageNo :</span></span></p><p class=\"se-text-paragraph se-text-paragraph-align- \" id=\"SE-4b72b589-2701-4b8d-8fe1-7bf1544e87a7\" style=\"margin-bottom: 0px; border: 0px; font-style: inherit; font-variant: inherit; font-weight: inherit; font-stretch: inherit; font-size: 0px; line-height: 1.8; font-family: inherit; vertical-align: baseline; word-break: break-word; overflow-wrap: break-word; white-space: break-spaces;\"><span class=\"se-fs- se-ff-   \" id=\"SE-534276d8-d426-4989-9f44-5fd99f459ee4\" style=\"border: 0px; font-style: inherit; font-variant: inherit; font-weight: inherit; font-stretch: inherit; font-size: 15px; line-height: inherit; font-family: se-nanumgothic, &quot;\\\\B098눔고딕&quot;, nanumgothic, sans-serif, Meiryo; vertical-align: baseline;\">현재 페이지의 번호를 의미한다.</span></p><p class=\"se-text-paragraph se-text-paragraph-align- \" id=\"SE-0bd25f3b-d17a-4f3a-b636-cb0bd17019d0\" style=\"margin-bottom: 0px; border: 0px; font-style: inherit; font-variant: inherit; font-weight: inherit; font-stretch: inherit; font-size: 0px; line-height: 1.8; font-family: inherit; vertical-align: baseline; word-break: break-word; overflow-wrap: break-word; white-space: break-spaces;\"><span class=\"se-fs- se-ff-   \" id=\"SE-a4122dae-abce-41aa-a24e-6059e2919243\" style=\"border: 0px; font-style: inherit; font-variant: inherit; font-weight: inherit; font-stretch: inherit; font-size: 15px; line-height: inherit; font-family: se-nanumgothic, &quot;\\\\B098눔고딕&quot;, nanumgothic, sans-serif, Meiryo; vertical-align: baseline;\">​</span></p><p class=\"se-text-paragraph se-text-paragraph-align- \" id=\"SE-738840d0-c1bb-490d-a34d-4276d994cbd6\" style=\"margin-bottom: 0px; border: 0px; font-style: inherit; font-variant: inherit; font-weight: inherit; font-stretch: inherit; font-size: 0px; line-height: 1.8; font-family: inherit; vertical-align: baseline; word-break: break-word; overflow-wrap: break-word; white-space: break-spaces;\"><span class=\"se-fs- se-ff-   \" id=\"SE-23ba807b-ff8e-454a-8372-c99a41fd753b\" style=\"border: 0px; font-style: inherit; font-variant: inherit; font-weight: inherit; font-stretch: inherit; font-size: 15px; line-height: inherit; font-family: se-nanumgothic, &quot;\\\\B098눔고딕&quot;, nanumgothic, sans-serif, Meiryo; vertical-align: baseline; color: rgb(255, 169, 79);\"><span style=\"font-weight: 700; background-color: inherit; font-family: inherit;\">recordsPerPage :</span></span></p><p class=\"se-text-paragraph se-text-paragraph-align- \" id=\"SE-16e5ef41-14af-4d1f-b7fd-cc6cb5494002\" style=\"margin-bottom: 0px; border: 0px; font-style: inherit; font-variant: inherit; font-weight: inherit; font-stretch: inherit; font-size: 0px; line-height: 1.8; font-family: inherit; vertical-align: baseline; word-break: break-word; overflow-wrap: break-word; white-space: break-spaces;\"><span class=\"se-fs- se-ff-   \" id=\"SE-6a45227d-8559-4bdb-a718-d5d801cc7b04\" style=\"border: 0px; font-style: inherit; font-variant: inherit; font-weight: inherit; font-stretch: inherit; font-size: 15px; line-height: inherit; font-family: se-nanumgothic, &quot;\\\\B098눔고딕&quot;, nanumgothic, sans-serif, Meiryo; vertical-align: baseline;\">페이지당 출력할 데이터 개수를 의미한다.</span></p><p class=\"se-text-paragraph se-text-paragraph-align- \" id=\"SE-26ad3086-b74e-481e-a72a-8bc48f4fc848\" style=\"margin-bottom: 0px; border: 0px; font-style: inherit; font-variant: inherit; font-weight: inherit; font-stretch: inherit; font-size: 0px; line-height: 1.8; font-family: inherit; vertical-align: baseline; word-break: break-word; overflow-wrap: break-word; white-space: break-spaces;\"><span class=\"se-fs- se-ff-   \" id=\"SE-7c9a8294-276b-4ad1-95c6-94c75f745dbc\" style=\"border: 0px; font-style: inherit; font-variant: inherit; font-weight: inherit; font-stretch: inherit; font-size: 15px; line-height: inherit; font-family: se-nanumgothic, &quot;\\\\B098눔고딕&quot;, nanumgothic, sans-serif, Meiryo; vertical-align: baseline;\">​</span></p><p class=\"se-text-paragraph se-text-paragraph-align- \" id=\"SE-95402ec7-c75e-44d4-9493-2acc9db22593\" style=\"margin-bottom: 0px; border: 0px; font-style: inherit; font-variant: inherit; font-weight: inherit; font-stretch: inherit; font-size: 0px; line-height: 1.8; font-family: inherit; vertical-align: baseline; word-break: break-word; overflow-wrap: break-word; white-space: break-spaces;\"><span class=\"se-fs- se-ff-   \" id=\"SE-375547c7-4e14-413c-9f6d-22e05965c509\" style=\"border: 0px; font-style: inherit; font-variant: inherit; font-weight: inherit; font-stretch: inherit; font-size: 15px; line-height: inherit; font-family: se-nanumgothic, &quot;\\\\B098눔고딕&quot;, nanumgothic, sans-serif, Meiryo; vertical-align: baseline; color: rgb(255, 169, 79);\"><span style=\"font-weight: 700; background-color: inherit; font-family: inherit;\">pageSize :</span></span></p><p class=\"se-text-paragraph se-text-paragraph-align- \" id=\"SE-4554383b-34ff-4184-8307-a8c050f592c6\" style=\"margin-bottom: 0px; border: 0px; font-style: inherit; font-variant: inherit; font-weight: inherit; font-stretch: inherit; font-size: 0px; line-height: 1.8; font-family: inherit; vertical-align: baseline; word-break: break-word; overflow-wrap: break-word; white-space: break-spaces;\"><span class=\"se-fs- se-ff-   \" id=\"SE-386dc0f5-dec4-4735-ab81-e6269a07f8f5\" style=\"border: 0px; font-style: inherit; font-variant: inherit; font-weight: inherit; font-stretch: inherit; font-size: 15px; line-height: inherit; font-family: se-nanumgothic, &quot;\\\\B098눔고딕&quot;, nanumgothic, sans-serif, Meiryo; vertical-align: baseline;\">화면 하단에 출력할 페이지의 사이즈를 의미한다.</span></p><p class=\"se-text-paragraph se-text-paragraph-align- \" id=\"SE-6b75073f-adea-4523-be40-b42d1a7436b1\" style=\"margin-bottom: 0px; border: 0px; font-style: inherit; font-variant: inherit; font-weight: inherit; font-stretch: inherit; font-size: 0px; line-height: 1.8; font-family: inherit; vertical-align: baseline; word-break: break-word; overflow-wrap: break-word; white-space: break-spaces;\"><span class=\"se-fs- se-ff-   \" id=\"SE-bdf87b63-9361-4082-b982-625b86931869\" style=\"border: 0px; font-style: inherit; font-variant: inherit; font-weight: inherit; font-stretch: inherit; font-size: 15px; line-height: inherit; font-family: se-nanumgothic, &quot;\\\\B098눔고딕&quot;, nanumgothic, sans-serif, Meiryo; vertical-align: baseline;\">ex) 1~5, 1~10, 1~20 등</span></p><p class=\"se-text-paragraph se-text-paragraph-align- \" id=\"SE-ecc5c135-728d-4e06-b5d4-7f15c6f692b2\" style=\"margin-bottom: 0px; border: 0px; font-style: inherit; font-variant: inherit; font-weight: inherit; font-stretch: inherit; font-size: 0px; line-height: 1.8; font-family: inherit; vertical-align: baseline; word-break: break-word; overflow-wrap: break-word; white-space: break-spaces;\"><span class=\"se-fs- se-ff-   \" id=\"SE-dfa2ad5a-689b-4f84-8c1d-c8830e87b6b2\" style=\"border: 0px; font-style: inherit; font-variant: inherit; font-weight: inherit; font-stretch: inherit; font-size: 15px; line-height: inherit; font-family: se-nanumgothic, &quot;\\\\B098눔고딕&quot;, nanumgothic, sans-serif, Meiryo; vertical-align: baseline;\">​</span></p><p class=\"se-text-paragraph se-text-paragraph-align- \" id=\"SE-7228dfae-2792-4d2e-86c3-c62bd38843e6\" style=\"margin-bottom: 0px; border: 0px; font-style: inherit; font-variant: inherit; font-weight: inherit; font-stretch: inherit; font-size: 0px; line-height: 1.8; font-family: inherit; vertical-align: baseline; word-break: break-word; overflow-wrap: break-word; white-space: break-spaces;\"><span class=\"se-fs- se-ff-   \" id=\"SE-3a26ddae-47d3-4ce6-b0d5-69d58373a1f2\" style=\"border: 0px; font-style: inherit; font-variant: inherit; font-weight: inherit; font-stretch: inherit; font-size: 15px; line-height: inherit; font-family: se-nanumgothic, &quot;\\\\B098눔고딕&quot;, nanumgothic, sans-serif, Meiryo; vertical-align: baseline; color: rgb(255, 169, 79);\"><span style=\"font-weight: 700; background-color: inherit; font-family: inherit;\">searchKeyword :</span></span></p><p class=\"se-text-paragraph se-text-paragraph-align- \" id=\"SE-a480571c-b55b-4663-b475-7c69226619c3\" style=\"margin-bottom: 0px; border: 0px; font-style: inherit; font-variant: inherit; font-weight: inherit; font-stretch: inherit; font-size: 0px; line-height: 1.8; font-family: inherit; vertical-align: baseline; word-break: break-word; overflow-wrap: break-word; white-space: break-spaces;\"><span class=\"se-fs- se-ff-   \" id=\"SE-3377d0cb-91a9-4535-9020-e368336585c7\" style=\"border: 0px; font-style: inherit; font-variant: inherit; font-weight: inherit; font-stretch: inherit; font-size: 15px; line-height: inherit; font-family: se-nanumgothic, &quot;\\\\B098눔고딕&quot;, nanumgothic, sans-serif, Meiryo; vertical-align: baseline;\">검색 키워드를 의미한다.</span></p><p class=\"se-text-paragraph se-text-paragraph-align- \" id=\"SE-0d2c7023-662f-43eb-9254-95de56a57a22\" style=\"margin-bottom: 0px; border: 0px; font-style: inherit; font-variant: inherit; font-weight: inherit; font-stretch: inherit; font-size: 0px; line-height: 1.8; font-family: inherit; vertical-align: baseline; word-break: break-word; overflow-wrap: break-word; white-space: break-spaces;\"><span class=\"se-fs- se-ff-   \" id=\"SE-351600d6-655b-4066-8ab3-646c5898c23e\" style=\"border: 0px; font-style: inherit; font-variant: inherit; font-weight: inherit; font-stretch: inherit; font-size: 15px; line-height: inherit; font-family: se-nanumgothic, &quot;\\\\B098눔고딕&quot;, nanumgothic, sans-serif, Meiryo; vertical-align: baseline;\">​</span></p><p class=\"se-text-paragraph se-text-paragraph-align- \" id=\"SE-112560e6-8b92-453c-99fe-50c4e7fdfd53\" style=\"margin-bottom: 0px; border: 0px; font-style: inherit; font-variant: inherit; font-weight: inherit; font-stretch: inherit; font-size: 0px; line-height: 1.8; font-family: inherit; vertical-align: baseline; word-break: break-word; overflow-wrap: break-word; white-space: break-spaces;\"><span class=\"se-fs- se-ff-   \" id=\"SE-36a50743-3ac9-4822-8acd-9b9edb0683f3\" style=\"border: 0px; font-style: inherit; font-variant: inherit; font-weight: inherit; font-stretch: inherit; font-size: 15px; line-height: inherit; font-family: se-nanumgothic, &quot;\\\\B098눔고딕&quot;, nanumgothic, sans-serif, Meiryo; vertical-align: baseline; color: rgb(255, 169, 79);\"><span style=\"font-weight: 700; background-color: inherit; font-family: inherit;\">searchType :</span></span></p><p class=\"se-text-paragraph se-text-paragraph-align- \" id=\"SE-c2664d5a-ca53-47d5-adae-0b750a435d18\" style=\"margin-bottom: 0px; border: 0px; font-style: inherit; font-variant: inherit; font-weight: inherit; font-stretch: inherit; font-size: 0px; line-height: 1.8; font-family: inherit; vertical-align: baseline; word-break: break-word; overflow-wrap: break-word; white-space: break-spaces;\"><span class=\"se-fs- se-ff-   \" id=\"SE-d1b79ded-2338-4b35-a95a-c378ba048ff4\" style=\"border: 0px; font-style: inherit; font-variant: inherit; font-weight: inherit; font-stretch: inherit; font-size: 15px; line-height: inherit; font-family: se-nanumgothic, &quot;\\\\B098눔고딕&quot;, nanumgothic, sans-serif, Meiryo; vertical-align: baseline;\">검색 유형을 의미한다.</span></p><p class=\"se-text-paragraph se-text-paragraph-align- \" id=\"SE-12236806-3021-4a49-bbc1-ad6d55bbf2f3\" style=\"margin-bottom: 0px; border: 0px; font-style: inherit; font-variant: inherit; font-weight: inherit; font-stretch: inherit; font-size: 0px; line-height: 1.8; font-family: inherit; vertical-align: baseline; word-break: break-word; overflow-wrap: break-word; white-space: break-spaces;\"><span class=\"se-fs- se-ff-   \" id=\"SE-06a9ca60-9ef7-4cad-a8ea-e41e7aa9b302\" style=\"border: 0px; font-style: inherit; font-variant: inherit; font-weight: inherit; font-stretch: inherit; font-size: 15px; line-height: inherit; font-family: se-nanumgothic, &quot;\\\\B098눔고딕&quot;, nanumgothic, sans-serif, Meiryo; vertical-align: baseline;\">ex) 전체, 제목, 내용, 작성자 등</span></p><p class=\"se-text-paragraph se-text-paragraph-align- \" id=\"SE-d21fe7d9-670b-469f-b8e3-e36c9183a3a5\" style=\"margin-bottom: 0px; border: 0px; font-style: inherit; font-variant: inherit; font-weight: inherit; font-stretch: inherit; font-size: 0px; line-height: 1.8; font-family: inherit; vertical-align: baseline; word-break: break-word; overflow-wrap: break-word; white-space: break-spaces;\"><span class=\"se-fs- se-ff-   \" id=\"SE-d7ef4e8d-cd45-4e6b-ab7b-d95f37e6fe25\" style=\"border: 0px; font-style: inherit; font-variant: inherit; font-weight: inherit; font-stretch: inherit; font-size: 15px; line-height: inherit; font-family: se-nanumgothic, &quot;\\\\B098눔고딕&quot;, nanumgothic, sans-serif, Meiryo; vertical-align: baseline;\">​</span></p><p class=\"se-text-paragraph se-text-paragraph-align- \" id=\"SE-d40e7413-aeae-4feb-8972-7881c4b1ccd2\" style=\"margin-bottom: 0px; border: 0px; font-style: inherit; font-variant: inherit; font-weight: inherit; font-stretch: inherit; font-size: 0px; line-height: 1.8; font-family: inherit; vertical-align: baseline; word-break: break-word; overflow-wrap: break-word; white-space: break-spaces;\"><span class=\"se-fs- se-ff-   \" id=\"SE-8cf0d5b7-cdb0-408e-9e81-4fb11516f3e3\" style=\"border: 0px; font-style: inherit; font-variant: inherit; font-weight: inherit; font-stretch: inherit; font-size: 15px; line-height: inherit; font-family: se-nanumgothic, &quot;\\\\B098눔고딕&quot;, nanumgothic, sans-serif, Meiryo; vertical-align: baseline;\">위에 명시된 파라미터들을 컨트롤러에서 @RequestParam으로 일일이 전달받는 방법은</span></p><p class=\"se-text-paragraph se-text-paragraph-align- \" id=\"SE-70aa114b-5e02-4de3-a5bd-28d5bb7b1693\" style=\"margin-bottom: 0px; border: 0px; font-style: inherit; font-variant: inherit; font-weight: inherit; font-stretch: inherit; font-size: 0px; line-height: 1.8; font-family: inherit; vertical-align: baseline; word-break: break-word; overflow-wrap: break-word; white-space: break-spaces;\"><span class=\"se-fs- se-ff-   \" id=\"SE-e0d303b2-5347-4195-a7af-335a7792aa39\" style=\"border: 0px; font-style: inherit; font-variant: inherit; font-weight: inherit; font-stretch: inherit; font-size: 15px; line-height: inherit; font-family: se-nanumgothic, &quot;\\\\B098눔고딕&quot;, nanumgothic, sans-serif, Meiryo; vertical-align: baseline;\">별로 효율적이지 않고, 파라미터의 개수가 늘어난다거나 했을 경우,</span></p><p class=\"se-text-paragraph se-text-paragraph-align- \" id=\"SE-297d4a61-ff04-414c-a133-770c1f1bfb10\" style=\"margin-bottom: 0px; border: 0px; font-style: inherit; font-variant: inherit; font-weight: inherit; font-stretch: inherit; font-size: 0px; line-height: 1.8; font-family: inherit; vertical-align: baseline; word-break: break-word; overflow-wrap: break-word; white-space: break-spaces;\"><span class=\"se-fs- se-ff-   \" id=\"SE-9a502d89-768f-493f-8909-a186c580dc3e\" style=\"border: 0px; font-style: inherit; font-variant: inherit; font-weight: inherit; font-stretch: inherit; font-size: 15px; line-height: inherit; font-family: se-nanumgothic, &quot;\\\\B098눔고딕&quot;, nanumgothic, sans-serif, Meiryo; vertical-align: baseline;\">파라미터의 관리와 수집이 까다로워지기 때문에 BoardDTO 클래스와 마찬가지로</span></p><p class=\"se-text-paragraph se-text-paragraph-align- \" id=\"SE-2e7f140a-3e94-4f2e-bebb-59698b6fa115\" style=\"margin-bottom: 0px; border: 0px; font-style: inherit; font-variant: inherit; font-weight: inherit; font-stretch: inherit; font-size: 0px; line-height: 1.8; font-family: inherit; vertical-align: baseline; word-break: break-word; overflow-wrap: break-word; white-space: break-spaces;\"><span class=\"se-fs- se-ff-   \" id=\"SE-cc39eb09-9567-4a19-b625-b592f29fd5a6\" style=\"border: 0px; font-style: inherit; font-variant: inherit; font-weight: inherit; font-stretch: inherit; font-size: 15px; line-height: inherit; font-family: se-nanumgothic, &quot;\\\\B098눔고딕&quot;, nanumgothic, sans-serif, Meiryo; vertical-align: baseline;\">공통으로 사용할 수 있는 하나의 클래스로 처리하는 것이 좋을 듯 하다.</span></p><p class=\"se-text-paragraph se-text-paragraph-align- \" id=\"SE-dac74ac3-a39f-4b72-9af6-12bfc1962f11\" style=\"margin-bottom: 0px; border: 0px; font-style: inherit; font-variant: inherit; font-weight: inherit; font-stretch: inherit; font-size: 0px; line-height: 1.8; font-family: inherit; vertical-align: baseline; word-break: break-word; overflow-wrap: break-word; white-space: break-spaces;\"><span class=\"se-fs- se-ff-   \" id=\"SE-8ad4ba57-e387-498b-b9f2-43cb14a7c0be\" style=\"border: 0px; font-style: inherit; font-variant: inherit; font-weight: inherit; font-stretch: inherit; font-size: 15px; line-height: inherit; font-family: se-nanumgothic, &quot;\\\\B098눔고딕&quot;, nanumgothic, sans-serif, Meiryo; vertical-align: baseline;\">​</span></p><p class=\"se-text-paragraph se-text-paragraph-align- \" id=\"SE-0c341051-848b-41ef-90db-314cff398908\" style=\"margin-bottom: 0px; border: 0px; font-style: inherit; font-variant: inherit; font-weight: inherit; font-stretch: inherit; font-size: 0px; line-height: 1.8; font-family: inherit; vertical-align: baseline; word-break: break-word; overflow-wrap: break-word; white-space: break-spaces;\"><span class=\"se-fs- se-ff-   \" id=\"SE-1596d9b8-1d80-4e6c-a24a-e797989bd007\" style=\"border: 0px; font-style: inherit; font-variant: inherit; font-weight: inherit; font-stretch: inherit; font-size: 15px; line-height: inherit; font-family: se-nanumgothic, &quot;\\\\B098눔고딕&quot;, nanumgothic, sans-serif, Meiryo; vertical-align: baseline;\">먼저 com.board 패키지에 paging 패키지를 추가하고,</span></p><p class=\"se-text-paragraph se-text-paragraph-align- \" id=\"SE-0a1dffca-54f3-4285-b896-32038f91d1c4\" style=\"margin-bottom: 0px; border: 0px; font-style: inherit; font-variant: inherit; font-weight: inherit; font-stretch: inherit; font-size: 0px; line-height: 1.8; font-family: inherit; vertical-align: baseline; word-break: break-word; overflow-wrap: break-word; white-space: break-spaces;\"><span class=\"se-fs- se-ff-   \" id=\"SE-0525d509-eb30-4b34-96b2-24c39445262b\" style=\"border: 0px; font-style: inherit; font-variant: inherit; font-weight: inherit; font-stretch: inherit; font-size: 15px; line-height: inherit; font-family: se-nanumgothic, &quot;\\\\B098눔고딕&quot;, nanumgothic, sans-serif, Meiryo; vertical-align: baseline;\">paging 패키지에 Criteria 클래스를 추가하고 다음의 코드를 작성하자.</span></p><p class=\"se-text-paragraph se-text-paragraph-align- \" id=\"SE-61b4b989-3d83-4fa9-82f3-759a2ccdb5cd\" style=\"margin-bottom: 0px; border: 0px; font-style: inherit; font-variant: inherit; font-weight: inherit; font-stretch: inherit; font-size: 0px; line-height: 1.8; font-family: inherit; vertical-align: baseline; word-break: break-word; overflow-wrap: break-word; white-space: break-spaces;\"><span class=\"se-fs- se-ff-   \" id=\"SE-aa52ccbd-356a-4d86-9452-947bd85b16e1\" style=\"border: 0px; font-style: inherit; font-variant: inherit; font-weight: inherit; font-stretch: inherit; font-size: 15px; line-height: inherit; font-family: se-nanumgothic, &quot;\\\\B098눔고딕&quot;, nanumgothic, sans-serif, Meiryo; vertical-align: baseline;\">​</span></p></div></div></div></div><div class=\"se-component se-image se-l-default\" id=\"SE-754fc1a7-6475-4730-a0ce-60bf169744d8\" style=\"margin-top: 20px; border: 0px; font-variant-numeric: inherit; font-variant-east-asian: inherit; font-stretch: inherit; font-size: medium; line-height: inherit; font-family: se-nanumgothic, &quot;\\\\B098눔고딕&quot;, nanumgothic, sans-serif, Meiryo; vertical-align: baseline; position: relative; color: rgb(99, 99, 99);\"><div class=\"se-component-content se-component-content-normal\" style=\"margin-right: auto; margin-left: auto; padding-right: 40px; padding-left: 40px; border: 0px; font: inherit; vertical-align: baseline; max-width: 100%;\"><div class=\"se-section se-section-image se-l-default se-section-align-\" style=\"border: 0px; font: inherit; vertical-align: baseline; max-width: 326px;\"><div class=\"se-module se-module-image\" style=\"border: 0px; font: inherit; vertical-align: baseline; position: relative;\"><a class=\"se-module-image-link __se_image_link __se_link\" data-linktype=\"img\" data-linkdata=\"{&quot;id&quot; : &quot;SE-754fc1a7-6475-4730-a0ce-60bf169744d8&quot;, &quot;src&quot; : &quot;https://postfiles.pstatic.net/MjAyMTAxMjJfMjQ2/MDAxNjExMjkxMjkwODM0.yEdDh2SGR0jTOWDpwJHC0wjYLyFqXuHnTXTGqHVtGngg.DD5sGk4sBw83PLIhWV5A6-gSItSRVbYj9FjFaDLyrFsg.PNG.minsuuuus/Spring_Paging0001.png&quot;, &quot;linkUse&quot; : &quot;false&quot;, &quot;link&quot; : &quot;&quot;}\" area-hidden=\"true\" style=\"border: 0px; font-style: inherit; font-variant: inherit; font-stretch: inherit; font-size: inherit; line-height: inherit; vertical-align: baseline; position: relative; display: block;\"><img src=\"https://postfiles.pstatic.net/MjAyMTAxMjJfMjQ2/MDAxNjExMjkxMjkwODM0.yEdDh2SGR0jTOWDpwJHC0wjYLyFqXuHnTXTGqHVtGngg.DD5sGk4sBw83PLIhWV5A6-gSItSRVbYj9FjFaDLyrFsg.PNG.minsuuuus/Spring_Paging0001.png?type=w773\" data-lazy-src=\"\" data-width=\"326\" data-height=\"376\" alt=\"\" class=\"se-image-resource egjs-visible\" style=\"border: 0px; font: inherit; vertical-align: top; position: relative; width: 326px;\"></a></div></div></div></div><div class=\"se-component se-code se-l-code_black __se-component\" id=\"SE-3722d4e1-7df2-4713-95cd-cbec8fd4a714\" style=\"margin-top: 30px; border: 0px; font-variant-numeric: inherit; font-variant-east-asian: inherit; font-stretch: inherit; font-size: medium; line-height: inherit; font-family: se-nanumgothic, &quot;\\\\B098눔고딕&quot;, nanumgothic, sans-serif, Meiryo; vertical-align: baseline; position: relative; color: rgb(99, 99, 99);\"><div class=\"se-component-content\" style=\"margin-right: auto; margin-left: auto; padding-right: 40px; padding-left: 40px; border: 0px; font: inherit; vertical-align: baseline; max-width: 100%;\"><div class=\"se-section se-section-code se-l-code_black\" style=\"border: 0px; font: inherit; vertical-align: baseline; position: relative;\"><div class=\"se-module se-module-code se-fs-fs13\" style=\"padding-top: 12px; padding-bottom: 12px; border: 0px; font-style: inherit; font-variant: inherit; font-weight: inherit; font-stretch: inherit; font-size: 13px; line-height: inherit; font-family: inherit; vertical-align: baseline; overflow: auto hidden; color: rgb(248, 248, 242); background: rgb(39, 40, 34);\"><div class=\"se-code-source\" style=\"padding-right: 17px; padding-left: 17px; border: 0px; font: inherit; vertical-align: baseline; display: inline-block;\"><div class=\"__se_code_view  language-javascript\" style=\"border: 0px; font-style: inherit; font-variant: inherit; font-weight: inherit; font-stretch: inherit; font-size: inherit; line-height: 24px; font-family: &quot;Source Code Pro&quot;, sourcecodepro, se-sourcecodepro, Consolas, Monaco, &quot;Andale Mono&quot;, &quot;Ubuntu Mono&quot;, monospace, sans-serif; vertical-align: baseline; color: rgb(255, 255, 255); background: none; white-space: pre; word-spacing: normal; word-break: normal; overflow-wrap: normal; tab-size: 4; hyphens: none;\"><span class=\"token se-code-keyword\" style=\"border: 0px; font: inherit; vertical-align: baseline; color: rgb(242, 193, 63);\">package</span> com<span class=\"token se-code-punctuation\" style=\"border: 0px; font: inherit; vertical-align: baseline;\">.</span>board<span class=\"token se-code-punctuation\" style=\"border: 0px; font: inherit; vertical-align: baseline;\">.</span>paging<span class=\"token se-code-punctuation\" style=\"border: 0px; font: inherit; vertical-align: baseline;\">;</span>\n\n<span class=\"token se-code-keyword\" style=\"border: 0px; font: inherit; vertical-align: baseline; color: rgb(242, 193, 63);\">import</span> lombok<span class=\"token se-code-punctuation\" style=\"border: 0px; font: inherit; vertical-align: baseline;\">.</span>Getter<span class=\"token se-code-punctuation\" style=\"border: 0px; font: inherit; vertical-align: baseline;\">;</span>\n<span class=\"token se-code-keyword\" style=\"border: 0px; font: inherit; vertical-align: baseline; color: rgb(242, 193, 63);\">import</span> lombok<span class=\"token se-code-punctuation\" style=\"border: 0px; font: inherit; vertical-align: baseline;\">.</span>Setter<span class=\"token se-code-punctuation\" style=\"border: 0px; font: inherit; vertical-align: baseline;\">;</span>\n\n@Getter\n@Setter\n<span class=\"token se-code-keyword\" style=\"border: 0px; font: inherit; vertical-align: baseline; color: rgb(242, 193, 63);\">public</span> <span class=\"token se-code-keyword\" style=\"border: 0px; font: inherit; vertical-align: baseline; color: rgb(242, 193, 63);\">class</span> <span class=\"token se-code-class-name\" style=\"border: 0px; font: inherit; vertical-align: baseline;\">Criteria</span> <span class=\"token se-code-punctuation\" style=\"border: 0px; font: inherit; vertical-align: baseline;\">{</span>\n\n	<span class=\"token se-code-comment\" style=\"border: 0px; font: inherit; vertical-align: baseline; color: rgb(98, 98, 107);\">/** 현재 페이지 번호 */</span>\n	<span class=\"token se-code-keyword\" style=\"border: 0px; font: inherit; vertical-align: baseline; color: rgb(242, 193, 63);\">private</span> int currentPageNo<span class=\"token se-code-punctuation\" style=\"border: 0px; font: inherit; vertical-align: baseline;\">;</span>\n\n	<span class=\"token se-code-comment\" style=\"border: 0px; font: inherit; vertical-align: baseline; color: rgb(98, 98, 107);\">/** 페이지당 출력할 데이터 개수 */</span>\n	<span class=\"token se-code-keyword\" style=\"border: 0px; font: inherit; vertical-align: baseline; color: rgb(242, 193, 63);\">private</span> int recordsPerPage<span class=\"token se-code-punctuation\" style=\"border: 0px; font: inherit; vertical-align: baseline;\">;</span>\n\n	<span class=\"token se-code-comment\" style=\"border: 0px; font: inherit; vertical-align: baseline; color: rgb(98, 98, 107);\">/** 화면 하단에 출력할 페이지 사이즈 */</span>\n	<span class=\"token se-code-keyword\" style=\"border: 0px; font: inherit; vertical-align: baseline; color: rgb(242, 193, 63);\">private</span> int pageSize<span class=\"token se-code-punctuation\" style=\"border: 0px; font: inherit; vertical-align: baseline;\">;</span>\n\n	<span class=\"token se-code-comment\" style=\"border: 0px; font: inherit; vertical-align: baseline; color: rgb(98, 98, 107);\">/** 검색 키워드 */</span>\n	<span class=\"token se-code-keyword\" style=\"border: 0px; font: inherit; vertical-align: baseline; color: rgb(242, 193, 63);\">private</span> String searchKeyword<span class=\"token se-code-punctuation\" style=\"border: 0px; font: inherit; vertical-align: baseline;\">;</span>\n\n	<span class=\"token se-code-comment\" style=\"border: 0px; font: inherit; vertical-align: baseline; color: rgb(98, 98, 107);\">/** 검색 유형 */</span>\n	<span class=\"token se-code-keyword\" style=\"border: 0px; font: inherit; vertical-align: baseline; color: rgb(242, 193, 63);\">private</span> String searchType<span class=\"token se-code-punctuation\" style=\"border: 0px; font: inherit; vertical-align: baseline;\">;</span>\n\n	<span class=\"token se-code-keyword\" style=\"border: 0px; font: inherit; vertical-align: baseline; color: rgb(242, 193, 63);\">public</span> <span class=\"token se-code-function\" style=\"border: 0px; font: inherit; vertical-align: baseline; color: rgb(54, 188, 252);\">Criteria</span><span class=\"token se-code-punctuation\" style=\"border: 0px; font: inherit; vertical-align: baseline;\">(</span><span class=\"token se-code-punctuation\" style=\"border: 0px; font: inherit; vertical-align: baseline;\">)</span> <span class=\"token se-code-punctuation\" style=\"border: 0px; font: inherit; vertical-align: baseline;\">{</span>\n		<span class=\"token se-code-keyword\" style=\"border: 0px; font: inherit; vertical-align: baseline; color: rgb(242, 193, 63);\">this</span><span class=\"token se-code-punctuation\" style=\"border: 0px; font: inherit; vertical-align: baseline;\">.</span>currentPageNo <span class=\"token se-code-operator\" style=\"border: 0px; font: inherit; vertical-align: baseline; color: rgb(159, 186, 69);\">=</span> <span class=\"token se-code-number\" style=\"border: 0px; font: inherit; vertical-align: baseline; color: rgb(248, 102, 52);\">1</span><span class=\"token se-code-punctuation\" style=\"border: 0px; font: inherit; vertical-align: baseline;\">;</span>\n		<span class=\"token se-code-keyword\" style=\"border: 0px; font: inherit; vertical-align: baseline; color: rgb(242, 193, 63);\">this</span><span class=\"token se-code-punctuation\" style=\"border: 0px; font: inherit; vertical-align: baseline;\">.</span>recordsPerPage <span class=\"token se-code-operator\" style=\"border: 0px; font: inherit; vertical-align: baseline; color: rgb(159, 186, 69);\">=</span> <span class=\"token se-code-number\" style=\"border: 0px; font: inherit; vertical-align: baseline; color: rgb(248, 102, 52);\">10</span><span class=\"token se-code-punctuation\" style=\"border: 0px; font: inherit; vertical-align: baseline;\">;</span>\n		<span class=\"token se-code-keyword\" style=\"border: 0px; font: inherit; vertical-align: baseline; color: rgb(242, 193, 63);\">this</span><span class=\"token se-code-punctuation\" style=\"border: 0px; font: inherit; vertical-align: baseline;\">.</span>pageSize <span class=\"token se-code-operator\" style=\"border: 0px; font: inherit; vertical-align: baseline; color: rgb(159, 186, 69);\">=</span> <span class=\"token se-code-number\" style=\"border: 0px; font: inherit; vertical-align: baseline; color: rgb(248, 102, 52);\">10</span><span class=\"token se-code-punctuation\" style=\"border: 0px; font: inherit; vertical-align: baseline;\">;</span>\n	<span class=\"token se-code-punctuation\" style=\"border: 0px; font: inherit; vertical-align: baseline;\">}</span>\n\n	<span class=\"token se-code-keyword\" style=\"border: 0px; font: inherit; vertical-align: baseline; color: rgb(242, 193, 63);\">public</span> int <span class=\"token se-code-function\" style=\"border: 0px; font: inherit; vertical-align: baseline; color: rgb(54, 188, 252);\">getStartPage</span><span class=\"token se-code-punctuation\" style=\"border: 0px; font: inherit; vertical-align: baseline;\">(</span><span class=\"token se-code-punctuation\" style=\"border: 0px; font: inherit; vertical-align: baseline;\">)</span> <span class=\"token se-code-punctuation\" style=\"border: 0px; font: inherit; vertical-align: baseline;\">{</span>\n		<span class=\"token se-code-keyword\" style=\"border: 0px; font: inherit; vertical-align: baseline; color: rgb(242, 193, 63);\">return</span> <span class=\"token se-code-punctuation\" style=\"border: 0px; font: inherit; vertical-align: baseline;\">(</span>currentPageNo <span class=\"token se-code-operator\" style=\"border: 0px; font: inherit; vertical-align: baseline; color: rgb(159, 186, 69);\">-</span> <span class=\"token se-code-number\" style=\"border: 0px; font: inherit; vertical-align: baseline; color: rgb(248, 102, 52);\">1</span><span class=\"token se-code-punctuation\" style=\"border: 0px; font: inherit; vertical-align: baseline;\">)</span> <span class=\"token se-code-operator\" style=\"border: 0px; font: inherit; vertical-align: baseline; color: rgb(159, 186, 69);\">*</span> recordsPerPage<span class=\"token se-code-punctuation\" style=\"border: 0px; font: inherit; vertical-align: baseline;\">;</span>\n	<span class=\"token se-code-punctuation\" style=\"border: 0px; font: inherit; vertical-align: baseline;\">}</span>\n\n<span class=\"token se-code-punctuation\" style=\"border: 0px; font: inherit; vertical-align: baseline;\">}</span></div></div></div></div></div></div><div class=\"se-component se-text se-l-default\" id=\"SE-9381fdf4-b9b1-49ec-8d4e-bb2aba15ea5b\" style=\"margin-top: 30px; border: 0px; font-variant-numeric: inherit; font-variant-east-asian: inherit; font-stretch: inherit; font-size: medium; line-height: inherit; font-family: se-nanumgothic, &quot;\\\\B098눔고딕&quot;, nanumgothic, sans-serif, Meiryo; vertical-align: baseline; position: relative; color: rgb(99, 99, 99);\"><div class=\"se-component-content\" style=\"margin-right: auto; margin-left: auto; padding-right: 40px; padding-left: 40px; border: 0px; font: inherit; vertical-align: baseline; max-width: 100%;\"><div class=\"se-section se-section-text se-l-default\" style=\"border: 0px; font: inherit; vertical-align: baseline;\"><div class=\"se-module se-module-text\" style=\"border: 0px; font: inherit; vertical-align: baseline;\"><p class=\"se-text-paragraph se-text-paragraph-align- \" id=\"SE-b33ae994-373a-4145-aec1-a8ff84766f92\" style=\"margin-bottom: 0px; border: 0px; font-style: inherit; font-variant: inherit; font-weight: inherit; font-stretch: inherit; font-size: 0px; line-height: 1.8; font-family: inherit; vertical-align: baseline; word-break: break-word; overflow-wrap: break-word; white-space: break-spaces;\"><span class=\"se-fs- se-ff-   \" id=\"SE-1b9840a4-f31a-4c9a-89d6-50411c95665c\" style=\"border: 0px; font-style: inherit; font-variant: inherit; font-weight: inherit; font-stretch: inherit; font-size: 15px; line-height: inherit; font-family: se-nanumgothic, &quot;\\\\B098눔고딕&quot;, nanumgothic, sans-serif, Meiryo; vertical-align: baseline;\">클래스 레벨에 지정된 @Getter, @Setter는 롬복(Lombok) 라이브러리에서 제공해주는 기능이다.</span></p><p class=\"se-text-paragraph se-text-paragraph-align- \" id=\"SE-7c0efde1-88bc-4de2-bbb7-df005957302f\" style=\"margin-bottom: 0px; border: 0px; font-style: inherit; font-variant: inherit; font-weight: inherit; font-stretch: inherit; font-size: 0px; line-height: 1.8; font-family: inherit; vertical-align: baseline; word-break: break-word; overflow-wrap: break-word; white-space: break-spaces;\"><span class=\"se-fs- se-ff-   \" id=\"SE-4abb4bd0-1b69-4b75-a520-8960280b878b\" style=\"border: 0px; font-style: inherit; font-variant: inherit; font-weight: inherit; font-stretch: inherit; font-size: 15px; line-height: inherit; font-family: se-nanumgothic, &quot;\\\\B098눔고딕&quot;, nanumgothic, sans-serif, Meiryo; vertical-align: baseline;\">기존의 방식대로 getter/setter를 추가해도 무관하다.</span></p><p class=\"se-text-paragraph se-text-paragraph-align- \" id=\"SE-20bfedc2-de05-4acc-9d30-4f2b8572d806\" style=\"margin-bottom: 0px; border: 0px; font-style: inherit; font-variant: inherit; font-weight: inherit; font-stretch: inherit; font-size: 0px; line-height: 1.8; font-family: inherit; vertical-align: baseline; word-break: break-word; overflow-wrap: break-word; white-space: break-spaces;\"><span class=\"se-fs- se-ff-   \" id=\"SE-9f9c0a96-be8a-4618-858d-57a9b70315ba\" style=\"border: 0px; font-style: inherit; font-variant: inherit; font-weight: inherit; font-stretch: inherit; font-size: 15px; line-height: inherit; font-family: se-nanumgothic, &quot;\\\\B098눔고딕&quot;, nanumgothic, sans-serif, Meiryo; vertical-align: baseline;\">​</span></p><div class=\"autosourcing-stub-extra\" style=\"border: 0px; font: inherit; vertical-align: baseline; zoom: 1; opacity: 1;\"><p style=\"margin-top: 11px; margin-bottom: 7px; border: 0px; font-variant: inherit; font-stretch: inherit; font-size: 12px; line-height: inherit; font-family: Dotum; vertical-align: baseline;\"><strong style=\"padding-right: 7px;\">[출처]</strong> <a href=\"https://blog.naver.com/minsuuuus/222217838537\" target=\"_blank\" style=\"text-decoration: none; border: 0px; font-style: inherit; font-variant: inherit; font-stretch: inherit; font-size: inherit; line-height: inherit; vertical-align: baseline;\">스프링 부트 게시판 만들기 12 - 페이징 처리</a><span style=\"padding-right: 7px; padding-left: 5px; border: 0px; font: inherit; vertical-align: baseline;\">|</span><strong style=\"padding-right: 7px;\">작성자</strong> <a href=\"https://blog.naver.com/minsuuuus\" target=\"_blank\" style=\"text-decoration: none; border: 0px; font-style: inherit; font-variant: inherit; font-stretch: inherit; font-size: inherit; line-height: inherit; vertical-align: baseline;\">민수쓰</a></p></div><p></p></div></div></div></div>',0,0,0,'2022-07-18 16:15:13','2022-07-18 16:15:13','Spring','C',NULL,NULL,NULL,NULL,NULL,NULL,NULL,NULL);
INSERT INTO note (`noteId`,`userId`,`pageViewState`,`categoryId`,`noteTitle`,`note`,`noteView`,`noteLike`,`noteCommentNum`,`noteCreatedDate`,`noteUpdatedDate`,`hashName1`,`hashName2`,`hashName3`,`hashName4`,`hashName5`,`hashName6`,`hashName7`,`hashName8`,`hashName9`,`hashName10`) VALUES (19,'admin',1,1,'관리자 질문 수정버전1','<p>관리자 질문입력입니다</p><p>***</p><p>수정합니다2</p>',251,2,0,'2022-07-18 17:08:47','2022-07-19 12:52:14','C','HTML5','JavaScript',NULL,NULL,NULL,NULL,NULL,NULL,NULL);


alter table note modify noteTitle varchar(150);

CREATE TABLE `comment` (
	`commentId`	int	NOT NULL AUTO_INCREMENT PRIMARY KEY,
	`userId`	varchar(50)	NOT NULL,
	`noteId`	int	NOT NULL,
	`pageViewState`	int	DEFAULT 0,
	`comment`	text	NULL,
	`commentCreatedDate`	datetime DEFAULT NOW(),
	`commentUpdatedDate`	datetime DEFAULT NOW(),
	`commentLike`	int	DEFAULT 0,
    CONSTRAINT FK_comment_userId FOREIGN KEY (userId) REFERENCES user (userId),
    CONSTRAINT FK_comment_noteId FOREIGN KEY (noteId) REFERENCES note (noteId)
);

INSERT INTO comment (`commentId`,`userId`,`noteId`,`pageViewState`,`comment`,`commentCreatedDate`,`commentUpdatedDate`,`commentLike`) VALUES (15,'admin',19,1,'수정','2022-07-19 13:58:45','2022-07-19 13:58:45',0);
INSERT INTO comment (`commentId`,`userId`,`noteId`,`pageViewState`,`comment`,`commentCreatedDate`,`commentUpdatedDate`,`commentLike`) VALUES (16,'admin',19,0,'수정 된다 ㅠㅠ','2022-07-19 13:58:55','2022-07-19 13:58:55',0);
INSERT INTO comment (`commentId`,`userId`,`noteId`,`pageViewState`,`comment`,`commentCreatedDate`,`commentUpdatedDate`,`commentLike`) VALUES (17,'admin',19,0,'엔터<br>확인','2022-07-19 14:07:15','2022-07-19 14:07:15',0);
INSERT INTO comment (`commentId`,`userId`,`noteId`,`pageViewState`,`comment`,`commentCreatedDate`,`commentUpdatedDate`,`commentLike`) VALUES (18,'admin',19,0,'이미지는 몰?루','2022-07-19 14:12:12','2022-07-19 14:12:12',0);
INSERT INTO comment (`commentId`,`userId`,`noteId`,`pageViewState`,`comment`,`commentCreatedDate`,`commentUpdatedDate`,`commentLike`) VALUES (19,'hong',19,0,'테스트일걸요?','2022-07-19 14:12:41','2022-07-19 14:12:41',0);

CREATE TABLE `note_like` (
	`noteId`	int	NOT NULL,
	`userId`	varchar(50)	NOT NULL,
    CONSTRAINT FK_note_like_noteId FOREIGN KEY (noteId) REFERENCES note (noteId),
    CONSTRAINT FK_note_like_userId FOREIGN KEY (userId) REFERENCES user (userId)
);

CREATE TABLE `comment_like` (
	`commentId`	int	NOT NULL,
	`userId`	varchar(50)	NOT NULL
);

CREATE TABLE `hashtag` (
	`hashName`	varchar(50) PRIMARY KEY
);

INSERT INTO hashtag
VALUES('C'),
('Java'),
('JavaScript'),
('Spring'),
('HTML5'),
('Mysql'),
('Python');


select * from note where categoryId = 1 AND pageViewState = 0  ORDER BY noteId DESC LIMIT 10 OFFSET 0;

select * from comment;

select c.commentId, u.userNickName from comment c, user u where c.userId = u.userId;
